Name,GP,Min,Pts,FG,FGA,2Pt,2PtA,3Pt,3PtA,3P%,FTM,FTA,Off,Def,TOT,Asts,Stls,Blks,TOs,PFs,Team,Year
Jerome Randle,2,28.0,10.0,5.0,14.5,5.0,11.0,0.0,3.5,0.0,0.0,0.0,0.5,0.0,0.5,5.5,1.0,0.0,0.0,2.0,Zalgiris,2016
Edgaras Ulanovas,20,26.2,5.8,1.9,5.1,1.4,3.7,0.6,1.4,40.7,1.5,1.8,1.5,3.1,4.6,1.9,0.8,0.1,1.2,1.9,Zalgiris,2016
Paulius Jankunas,20,25.0,12.5,4.5,8.9,4.0,7.0,0.5,2.0,25.6,3.1,3.7,1.5,4.5,6.0,1.4,0.8,0.2,1.9,2.8,Zalgiris,2016
Mantas Kalnietis,14,23.6,6.8,2.6,7.4,1.6,3.9,1.1,3.6,30.0,0.4,0.5,0.0,2.2,2.2,4.1,0.7,0.1,2.4,1.5,Zalgiris,2016
Olivier Hanlan,20,22.3,8.5,3.0,8.0,2.0,5.3,1.0,2.8,36.4,1.5,2.2,0.5,2.1,2.6,1.6,0.8,0.1,1.3,2.4,Zalgiris,2016
Renaldas Seibutis,17,21.8,8.5,2.9,6.8,2.2,4.4,0.8,2.4,32.5,1.9,2.3,0.3,1.7,2.0,1.8,0.4,0.2,2.2,3.0,Zalgiris,2016
Ian Vouyoukas,20,21.0,11.6,4.5,8.1,4.5,8.1,0.0,0.0,,2.6,3.1,2.0,2.9,4.8,1.2,0.5,0.5,1.2,3.1,Zalgiris,2016
Brock Motum,20,16.7,6.4,2.6,5.7,2.2,4.2,0.4,1.5,27.6,0.9,1.1,1.2,2.0,3.2,0.7,0.6,0.0,1.3,1.4,Zalgiris,2016
Robertas Javtokas,9,16.6,4.9,2.2,3.6,2.2,3.4,0.0,0.1,0.0,0.4,1.0,2.0,1.7,3.7,0.0,0.3,0.4,0.4,2.6,Zalgiris,2016
Lukas Lekavicius,17,15.6,4.5,1.6,4.1,0.8,2.5,0.8,1.6,48.1,0.5,0.8,0.2,1.1,1.2,1.4,0.9,0.0,1.4,2.4,Zalgiris,2016
Martynas Pocius,18,14.1,3.5,1.3,3.6,1.1,2.3,0.3,1.3,21.7,0.6,0.9,0.2,1.6,1.8,0.8,0.1,0.0,1.1,1.6,Zalgiris,2016
Siim-Sander Vene,16,12.6,3.7,1.6,3.3,1.2,2.1,0.4,1.3,30.0,0.2,0.3,0.5,1.2,1.7,0.8,0.4,0.1,0.1,2.1,Zalgiris,2016
Kaspars Vecvagars,10,9.8,2.2,0.6,2.4,0.2,1.5,0.4,0.9,44.4,0.6,0.7,0.0,0.8,0.8,0.8,0.1,0.0,0.7,2.0,Zalgiris,2016
Martynas Sajus,8,6.6,1.5,0.8,1.4,0.8,1.4,0.0,0.0,,0.0,0.0,1.3,0.9,2.1,0.3,0.1,0.5,0.5,1.3,Zalgiris,2016
James Anderson,24,28.4,14.5,5.3,13.3,3.3,7.4,1.9,5.8,32.9,2.1,2.7,0.8,4.4,5.1,2.5,0.9,0.5,2.1,2.4,Zalgiris,2015
Arturas Milaknis,24,25.9,10.0,3.3,7.1,0.8,1.7,2.5,5.4,46.2,0.9,1.1,0.3,1.5,1.8,1.4,0.3,0.1,1.0,2.2,Zalgiris,2015
Paulius Jankunas,24,24.2,9.1,3.0,6.3,2.5,4.7,0.5,1.7,30.0,2.5,3.1,1.1,5.4,6.5,1.1,0.6,0.5,1.8,2.9,Zalgiris,2015
Robertas Javtokas,23,23.2,5.7,2.4,5.3,2.4,5.1,0.0,0.2,0.0,1.0,1.4,1.4,2.9,4.3,1.1,0.4,0.8,1.3,2.2,Zalgiris,2015
Edgaras Ulanovas,24,19.2,5.4,1.9,4.1,1.5,2.8,0.4,1.3,32.3,1.2,1.5,1.0,1.5,2.5,1.2,0.6,0.0,1.4,2.1,Zalgiris,2015
Lukas Lekavicius,24,19.0,5.5,2.0,4.8,1.4,3.0,0.6,1.8,33.3,0.9,1.1,0.7,1.2,1.8,2.7,0.4,0.0,1.8,2.2,Zalgiris,2015
Will Cherry,15,18.5,7.1,2.5,6.4,1.6,3.9,0.9,2.5,36.8,1.1,1.6,0.3,2.1,2.4,1.7,1.0,0.1,1.6,1.7,Zalgiris,2015
Vaidas Kariniauskas,14,16.2,3.6,1.4,3.9,1.2,2.8,0.2,1.1,18.8,0.5,1.1,0.3,1.5,1.8,1.6,0.5,0.4,2.0,1.7,Zalgiris,2015
Arturas Gudaitis,20,15.4,6.5,2.2,4.3,2.1,4.0,0.1,0.3,40.0,2.1,3.4,1.9,2.2,4.0,0.3,0.2,0.9,0.8,2.1,Zalgiris,2015
Darius Songaila,24,14.5,5.8,2.6,5.3,2.6,5.3,0.0,0.0,,0.6,0.8,0.6,2.0,2.5,0.9,0.6,0.1,1.4,2.3,Zalgiris,2015
Donatas Tarolis,1,10.0,2.0,1.0,1.0,1.0,1.0,0.0,0.0,,0.0,0.0,0.0,2.0,2.0,1.0,0.0,0.0,1.0,2.0,Zalgiris,2015
Siim-Sander Vene,14,9.2,3.4,1.3,2.9,0.8,1.7,0.5,1.1,43.8,0.4,0.5,0.8,0.4,1.2,0.5,0.5,0.0,0.3,1.4,Zalgiris,2015
Vytenis Lipkevicius,14,7.2,2.1,0.9,1.4,0.6,1.1,0.2,0.4,60.0,0.2,0.4,0.4,0.9,1.2,0.9,0.4,0.0,0.7,0.9,Zalgiris,2015
Tomas Dimsa,10,6.7,1.4,0.7,2.4,0.7,2.1,0.0,0.3,0.0,0.0,0.2,0.4,0.5,0.9,0.7,0.2,0.0,0.2,1.3,Zalgiris,2015
Justin Dentmon,24,29.6,16.9,5.5,12.5,2.4,5.6,3.1,7.0,44.3,2.9,3.3,0.3,3.1,3.4,4.1,1.3,0.1,3.7,3.3,Zalgiris,2014
Paulius Jankunas,21,26.1,8.7,3.5,7.6,3.1,5.9,0.4,1.7,25.7,1.2,1.6,1.8,4.7,6.5,1.9,1.1,0.3,1.7,2.6,Zalgiris,2014
Robertas Javtokas,23,24.8,9.6,4.1,6.6,4.0,6.1,0.1,0.5,27.3,1.3,1.7,1.8,3.4,5.3,1.4,0.5,1.1,1.7,2.5,Zalgiris,2014
Martynas Pocius,20,23.2,10.9,3.6,8.7,1.9,3.9,1.7,4.8,35.8,2.0,2.6,0.8,2.1,2.9,2.5,0.4,0.1,1.5,2.2,Zalgiris,2014
Vytenis Lipkevicius,23,21.2,4.7,1.5,3.5,1.0,2.4,0.5,1.1,44.0,1.1,1.3,0.8,1.7,2.6,0.7,0.4,0.0,1.3,2.0,Zalgiris,2014
Arturas Milaknis,24,18.3,6.4,2.3,4.9,0.5,1.0,1.7,4.0,43.2,0.2,0.3,0.4,1.7,2.0,0.7,0.3,0.0,0.5,1.8,Zalgiris,2014
Ksistof Lavrinovic,13,17.5,7.2,2.3,5.9,1.8,3.9,0.5,2.0,23.1,2.2,2.5,0.8,2.5,3.4,1.0,0.4,0.4,1.5,1.5,Zalgiris,2014
Sarunas Jasikevicius,20,16.9,6.7,2.4,5.8,1.4,3.4,1.0,2.4,40.4,1.1,1.1,0.2,0.9,1.1,3.1,0.4,0.1,2.6,1.4,Zalgiris,2014
Tomas Dimsa,15,15.3,3.7,1.3,3.2,0.7,1.7,0.6,1.5,40.9,0.5,0.7,0.7,0.9,1.6,0.6,0.2,0.1,0.6,2.0,Zalgiris,2014
Siim-Sander Vene,5,13.8,3.0,1.2,2.6,1.0,2.2,0.2,0.4,50.0,0.4,0.4,0.6,2.0,2.6,0.6,0.2,0.2,0.6,1.0,Zalgiris,2014
Tadas Klimavicius,22,13.8,4.2,1.7,4.0,1.6,3.2,0.1,0.8,11.1,0.6,1.0,1.5,2.2,3.7,1.2,0.3,0.4,1.0,1.1,Zalgiris,2014
Kaspars Vecvagars,8,10.6,2.5,1.0,2.4,0.8,1.3,0.3,1.1,22.2,0.3,0.4,0.1,0.4,0.5,1.1,0.3,0.0,0.9,1.4,Zalgiris,2014
Arturas Gudaitis,7,10.3,4.4,1.7,2.9,1.7,2.3,0.0,0.6,0.0,1.0,1.6,0.6,2.0,2.6,0.6,0.4,0.7,0.3,1.0,Zalgiris,2014
Vytenis Cizauskas,16,8.9,2.3,0.9,1.9,0.6,1.1,0.3,0.8,41.7,0.1,0.3,0.2,0.9,1.1,1.2,0.4,0.0,1.0,1.5,Zalgiris,2014
Mindaugas Kupsas,15,7.3,2.7,1.1,2.1,1.1,2.1,0.0,0.0,,0.5,0.9,0.1,0.9,1.0,0.3,0.1,0.1,0.5,1.5,Zalgiris,2014
Tauras Jogela,1,1.0,0.0,0.0,1.0,0.0,1.0,0.0,0.0,,0.0,0.0,0.0,0.0,0.0,0.0,0.0,0.0,0.0,0.0,Zalgiris,2014
Paulius Jankunas,17,24.8,8.2,2.8,5.9,2.4,4.5,0.4,1.4,29.2,2.2,2.6,1.4,3.4,4.8,1.2,0.8,0.2,1.8,3.1,Zalgiris,2013
Tremmell Darden,20,24.3,9.9,4.1,6.4,3.3,5.0,0.8,1.5,51.7,1.1,1.5,1.1,2.9,3.9,0.8,0.5,0.2,1.2,1.4,Zalgiris,2013
Marko Popovic,21,24.0,13.4,4.0,8.3,1.8,3.2,2.2,5.1,43.9,3.1,3.6,0.3,1.0,1.4,2.2,0.7,0.0,1.6,2.3,Zalgiris,2013
Ksistof Lavrinovic,24,21.3,8.5,2.8,5.7,2.0,3.5,0.8,2.2,36.5,2.2,2.6,1.4,2.6,4.0,1.0,0.5,0.3,1.2,2.0,Zalgiris,2013
Oliver Lafayette,23,21.2,7.9,2.7,7.3,1.3,3.0,1.4,4.3,32.3,1.2,1.3,0.5,1.6,2.1,2.8,0.9,0.0,1.7,1.7,Zalgiris,2013
Ibrahim Jaaber,14,21.1,5.9,2.1,4.9,1.2,2.4,0.9,2.6,33.3,0.9,1.5,0.4,1.8,2.2,2.2,1.9,0.1,1.2,2.2,Zalgiris,2013
Rimantas Kaukenas,24,20.3,7.8,2.8,7.0,2.3,5.6,0.5,1.3,34.4,1.9,2.1,0.6,1.5,2.1,1.9,0.8,0.0,1.7,2.1,Zalgiris,2013
Darjus Lavrinovic,21,19.7,8.9,3.4,6.7,2.8,4.7,0.7,2.0,33.3,1.4,2.0,1.6,2.2,3.8,1.0,0.7,0.4,1.5,2.5,Zalgiris,2013
Donnie McGrath,6,17.3,4.5,1.5,4.2,0.5,1.7,1.0,2.5,40.0,0.5,0.7,0.0,1.2,1.2,1.5,0.8,0.0,1.7,1.0,Zalgiris,2013
Robertas Javtokas,8,15.0,4.0,1.6,3.0,1.5,2.8,0.1,0.3,50.0,0.6,0.9,1.5,1.4,2.9,0.6,0.1,0.4,0.5,1.9,Zalgiris,2013
Mindaugas Kuzminskas,23,14.2,7.1,2.6,4.9,2.1,3.4,0.5,1.5,32.4,1.5,1.8,1.3,1.8,3.1,0.3,0.5,0.2,1.0,1.3,Zalgiris,2013
Mario Delas,23,13.0,3.0,1.2,3.1,1.0,2.4,0.2,0.7,31.3,0.3,0.7,0.7,1.3,1.9,0.5,0.5,0.1,0.4,1.7,Zalgiris,2013
Jeff Foote,17,10.6,3.6,1.5,2.5,1.5,2.5,0.0,0.0,,0.7,1.0,1.1,1.6,2.6,0.4,0.2,0.5,0.5,0.8,Zalgiris,2013
Vytenis Lipkevicius,14,9.8,1.6,0.6,1.6,0.4,1.1,0.1,0.6,25.0,0.4,0.9,0.4,0.7,1.1,0.1,0.2,0.1,0.5,0.8,Zalgiris,2013
Adas Juskevicius,14,8.9,2.1,0.8,1.9,0.6,1.5,0.2,0.4,50.0,0.4,0.5,0.3,0.9,1.2,0.9,0.1,0.1,0.7,0.4,Zalgiris,2013
Sonny Weems,15,29.9,15.5,6.0,12.7,4.8,9.3,1.2,3.3,36.0,2.3,3.4,0.8,4.2,5.0,1.3,0.9,0.2,2.9,2.3,Zalgiris,2012
Dainius Salenga,6,25.2,6.0,2.3,5.7,1.3,3.0,1.0,2.7,37.5,0.3,0.3,0.7,1.5,2.2,1.5,0.7,0.2,0.7,1.8,Zalgiris,2012
Robertas Javtokas,16,23.4,6.3,2.9,5.9,2.9,5.8,0.0,0.1,0.0,0.5,1.2,2.1,3.1,5.2,0.5,0.2,0.7,1.6,2.7,Zalgiris,2012
Paulius Jankunas,16,23.4,7.8,2.9,6.4,2.4,4.9,0.5,1.5,33.3,1.5,2.1,2.1,3.5,5.6,0.8,0.8,0.3,1.2,2.9,Zalgiris,2012
Marko Popovic,14,22.2,12.5,3.1,7.8,1.1,2.4,2.1,5.4,38.7,4.1,4.6,0.4,1.7,2.1,2.1,0.4,0.0,1.6,3.1,Zalgiris,2012
Mantas Kalnietis,16,22.2,7.6,3.1,7.5,2.4,4.7,0.6,2.8,22.2,0.9,1.4,0.3,2.3,2.5,3.7,0.6,0.1,2.2,1.6,Zalgiris,2012
Ty Lawson,7,21.3,7.4,2.6,6.0,2.1,4.9,0.4,1.1,37.5,1.9,3.0,0.6,2.4,3.0,1.6,0.9,0.0,1.0,1.9,Zalgiris,2012
Milovan Rakovic,16,15.5,7.1,3.0,5.8,3.0,5.8,0.0,0.0,,1.1,1.9,1.0,1.6,2.6,0.4,0.6,0.3,0.9,3.1,Zalgiris,2012
DeJuan Collins,12,15.1,6.3,1.9,4.5,1.1,2.3,0.8,2.3,37.0,1.7,1.8,0.3,1.0,1.3,1.5,0.1,0.0,1.1,2.2,Zalgiris,2012
Tadas Klimavicius,16,15.0,2.2,0.9,2.9,0.6,1.9,0.3,1.1,23.5,0.2,0.6,1.1,2.1,3.2,0.6,0.1,0.4,0.5,1.6,Zalgiris,2012
Tomas Delininkaitis,16,10.9,5.2,1.7,3.6,0.8,1.8,0.9,1.9,46.7,0.9,1.4,0.3,0.5,0.8,0.9,0.4,0.0,0.9,1.8,Zalgiris,2012
Vytenis Lipkevicius,12,8.6,0.8,0.3,1.0,0.3,0.8,0.1,0.3,33.3,0.1,0.1,0.4,0.9,1.3,0.5,0.4,0.0,0.2,1.7,Zalgiris,2012
Mindaugas Kuzminskas,12,8.4,2.8,0.8,1.5,0.8,0.9,0.1,0.6,14.3,1.0,1.4,0.3,1.0,1.3,0.2,0.2,0.0,0.6,0.9,Zalgiris,2012
Reeves Nelson,1,5.0,0.0,0.0,2.0,0.0,2.0,0.0,0.0,,0.0,0.0,2.0,0.0,2.0,0.0,0.0,0.0,1.0,1.0,Zalgiris,2012
Povilas Butkevicius,3,3.0,0.0,0.0,0.3,0.0,0.3,0.0,0.0,,0.0,0.7,0.3,0.0,0.3,0.0,0.3,0.0,0.0,1.3,Zalgiris,2012
Arturas Milaknis,,,,,,,,,,,,,,,,,,,,,Zalgiris,2012
Paulius Jankunas,16,26.3,9.4,3.7,7.8,3.4,5.7,0.3,2.1,15.2,1.7,2.1,1.8,5.1,6.9,1.0,0.6,0.4,2.1,2.3,Zalgiris,2011
Martynas Pocius,16,23.9,10.9,3.4,8.7,2.3,4.9,1.1,3.8,30.0,2.9,4.1,0.5,2.2,2.7,2.4,0.4,0.1,2.3,2.1,Zalgiris,2011
Mantas Kalnietis,15,22.2,9.1,3.5,6.9,2.7,4.5,0.9,2.3,37.1,1.2,1.6,0.5,2.3,2.8,1.9,0.2,0.1,2.2,1.0,Zalgiris,2011
Mirza Begic,10,21.6,9.7,3.4,6.0,3.4,6.0,0.0,0.0,,2.9,4.0,1.2,3.6,4.8,0.5,0.6,2.3,1.8,3.3,Zalgiris,2011
DeJuan Collins,16,20.4,6.7,1.8,4.4,1.3,2.9,0.5,1.5,33.3,2.6,3.1,0.5,1.5,2.0,2.2,1.3,0.1,2.5,1.9,Zalgiris,2011
Dainius Salenga,10,20.2,4.8,1.6,4.7,1.2,3.2,0.4,1.5,26.7,1.2,1.4,0.6,1.0,1.6,1.1,0.6,0.1,0.2,1.8,Zalgiris,2011
Tomas Delininkaitis,16,19.6,8.8,2.4,6.2,0.8,2.1,1.6,4.1,39.4,2.4,2.8,0.2,1.8,1.9,2.0,0.5,0.0,1.6,1.8,Zalgiris,2011
Travis Watson,15,18.0,6.6,2.5,4.7,2.5,4.7,0.0,0.0,,1.5,2.5,1.6,3.1,4.7,0.7,1.0,0.5,2.0,3.9,Zalgiris,2011
Trent Plaisted,3,17.7,7.7,3.3,5.7,3.3,5.7,0.0,0.0,,1.0,2.0,1.7,4.0,5.7,0.3,0.7,0.7,2.0,3.0,Zalgiris,2011
Marcus Brown,6,16.3,3.7,1.3,5.7,0.7,3.5,0.7,2.2,30.8,0.3,0.3,0.2,1.0,1.2,0.8,0.2,0.2,1.0,2.5,Zalgiris,2011
Tadas Klimavicius,16,16.1,3.9,1.5,4.1,1.1,2.4,0.4,1.6,23.1,0.5,0.7,1.0,1.9,2.9,0.4,0.3,0.3,1.3,1.6,Zalgiris,2011
Arturas Milaknis,15,15.5,3.9,1.4,3.8,0.6,1.2,0.8,2.6,30.8,0.3,0.3,0.2,0.8,1.0,0.4,0.7,0.0,1.1,1.5,Zalgiris,2011
Boban Marjanovic,6,12.5,5.2,1.8,2.8,1.8,2.8,0.0,0.0,,1.5,2.3,1.0,2.5,3.5,0.3,0.2,0.5,1.8,1.5,Zalgiris,2011
Aleksandar Capin,5,8.6,3.4,1.2,2.2,1.0,1.8,0.2,0.4,50.0,0.8,0.8,0.4,1.4,1.8,1.2,0.2,0.0,0.6,0.8,Zalgiris,2011
Omar Samhan,3,7.7,0.7,0.0,0.3,0.0,0.3,0.0,0.0,,0.7,0.7,0.3,0.7,1.0,0.0,0.0,0.3,0.3,1.3,Zalgiris,2011
Mindaugas Kuzminskas,8,6.9,1.6,0.6,1.8,0.5,1.0,0.1,0.8,16.7,0.3,0.4,0.4,0.6,1.0,0.1,0.3,0.0,0.5,0.5,Zalgiris,2011
Mantas Kalnietis,16,30.1,9.0,3.6,7.4,2.7,4.2,0.9,3.2,27.5,1.0,1.3,0.1,2.7,2.8,3.6,1.0,0.2,2.6,1.2,Zalgiris,2010
Dainius Salenga,16,27.6,10.3,3.6,8.7,2.1,5.2,1.4,3.5,41.1,1.8,2.3,0.9,2.1,3.0,1.2,1.3,0.1,1.4,1.7,Zalgiris,2010
Marcus Brown,16,25.4,11.6,3.4,8.8,1.5,3.9,1.9,4.9,39.7,2.8,2.9,0.6,1.4,2.0,1.7,0.5,0.1,1.6,2.1,Zalgiris,2010
Tadas Klimavicius,14,25.4,7.7,2.5,6.1,1.7,4.0,0.8,2.1,36.7,1.9,2.9,1.6,2.5,4.1,0.8,0.1,0.9,1.4,1.6,Zalgiris,2010
Travis Watson,13,25.3,10.6,4.2,7.2,4.2,7.2,0.0,0.1,0.0,2.2,2.9,3.5,5.9,9.5,1.5,0.7,0.7,2.4,3.2,Zalgiris,2010
Mirza Begic,16,19.8,7.4,2.8,4.8,2.8,4.8,0.0,0.0,,1.8,2.4,1.3,2.8,4.0,0.5,0.5,1.3,1.4,2.9,Zalgiris,2010
Martynas Pocius,16,19.3,8.1,2.5,6.0,1.4,3.1,1.1,2.9,38.3,2.0,2.8,0.4,1.6,2.1,1.4,0.6,0.3,2.1,2.1,Zalgiris,2010
Aleksandar Capin,7,18.9,6.4,2.1,7.6,1.3,4.0,0.9,3.6,24.0,1.3,1.9,1.3,2.0,3.3,2.4,0.6,0.0,2.3,1.7,Zalgiris,2010
Mario Delas,6,13.8,4.5,1.2,2.3,1.2,2.2,0.0,0.2,0.0,2.2,2.7,0.8,1.3,2.2,0.7,0.2,0.0,0.8,3.3,Zalgiris,2010
Siim-Sander Vene,6,10.8,2.0,0.8,2.0,0.8,1.0,0.0,1.0,0.0,0.3,0.7,0.7,1.2,1.8,0.2,0.0,0.2,1.0,1.0,Zalgiris,2010
Adas Juskevicius,9,8.9,2.0,0.8,1.9,0.7,1.2,0.1,0.7,16.7,0.3,0.4,0.3,0.6,0.9,0.2,0.2,0.0,0.8,0.7,Zalgiris,2010
Arturas Milaknis,11,8.1,2.5,0.8,1.6,0.1,0.2,0.7,1.5,50.0,0.1,0.2,0.0,0.4,0.4,0.0,0.3,0.0,0.3,1.1,Zalgiris,2010
Povilas Cukinas,6,7.3,0.5,0.0,1.0,0.0,1.0,0.0,0.0,,0.5,1.7,0.2,1.2,1.3,0.2,0.2,0.2,0.8,1.7,Zalgiris,2010
Zygimantas Janavicius,7,7.0,0.4,0.1,1.3,0.1,0.7,0.0,0.6,0.0,0.1,0.3,0.0,0.1,0.1,0.6,0.1,0.0,0.9,1.4,Zalgiris,2010
Povilas Butkevicius,3,4.3,0.7,0.3,0.7,0.3,0.7,0.0,0.0,,0.0,0.0,0.0,0.3,0.3,0.0,0.0,0.0,0.0,0.7,Zalgiris,2010
Sarunas Vasiliauskas,3,2.3,0.7,0.0,0.7,0.0,0.7,0.0,0.0,,0.7,0.7,0.0,0.3,0.3,0.0,0.0,0.0,0.0,0.3,Zalgiris,2010
Sergio Llull,17,27.2,13.8,4.1,10.4,1.8,3.9,2.4,6.5,36.4,3.2,3.8,0.2,1.8,2.0,4.9,0.7,0.2,1.5,2.5,Real Madrid,2016
Rudy Fernandez,7,26.4,10.0,3.1,7.0,1.7,3.3,1.4,3.7,38.5,2.3,2.7,1.3,2.0,3.3,2.3,0.7,0.1,1.7,1.6,Real Madrid,2016
Gustavo Ayon,20,26.0,12.4,5.1,8.0,5.1,8.0,0.0,0.0,,2.2,3.4,2.9,5.1,8.0,2.5,1.8,1.5,1.8,2.9,Real Madrid,2016
Sergio Rodriguez,20,24.0,10.3,3.5,8.0,1.8,3.4,1.8,4.6,38.0,1.6,2.2,0.4,1.9,2.2,6.8,0.6,0.1,2.1,2.1,Real Madrid,2016
K.C. Rivers,10,20.6,8.0,3.3,7.1,2.1,3.6,1.2,3.5,34.3,0.2,0.2,0.3,1.4,1.7,0.7,0.8,0.1,0.2,1.4,Real Madrid,2016
Felipe Reyes,19,19.2,11.3,3.5,6.9,3.1,5.9,0.4,1.0,42.1,3.8,4.6,2.4,3.7,6.1,1.2,0.6,0.2,1.5,2.6,Real Madrid,2016
Jonas Maciulis,18,19.0,5.3,1.7,4.6,1.1,2.1,0.7,2.5,26.7,1.2,1.4,0.4,1.4,1.9,0.9,0.6,0.0,0.6,1.8,Real Madrid,2016
Jaycee Carroll,20,18.0,8.2,3.0,7.0,1.7,3.1,1.4,3.9,34.6,0.9,0.9,0.4,1.3,1.7,1.1,0.3,0.1,0.8,1.6,Real Madrid,2016
Jeff Taylor,18,16.4,5.0,2.1,3.8,1.7,2.9,0.3,0.9,35.3,0.6,0.9,0.6,1.5,2.1,0.7,0.2,0.1,0.6,2.4,Real Madrid,2016
Trey Thompkins,15,15.2,5.9,2.1,5.5,1.2,2.8,0.9,2.7,35.0,0.7,0.7,0.6,2.4,3.0,1.1,0.1,0.3,0.6,2.1,Real Madrid,2016
Andres Nocioni,17,13.3,6.0,1.9,5.0,0.8,2.0,1.1,3.0,35.3,1.2,1.5,0.4,2.6,2.9,0.2,0.1,0.6,0.6,1.5,Real Madrid,2016
Augusto Cesar Lima,3,11.7,6.3,3.0,3.3,3.0,3.3,0.0,0.0,,0.3,1.7,0.7,1.7,2.3,0.0,0.0,0.0,0.7,2.0,Real Madrid,2016
Luka Doncic,10,11.6,3.2,0.9,2.3,0.5,0.9,0.4,1.4,28.6,1.0,1.1,0.3,1.9,2.2,2.2,0.1,0.4,1.1,0.7,Real Madrid,2016
Guillermo Hernangomez,12,10.8,4.3,2.0,3.0,2.0,3.0,0.0,0.0,,0.3,0.8,1.2,2.3,3.4,0.3,0.3,0.7,0.8,1.4,Real Madrid,2016
Maurice Ndour,6,8.0,1.7,0.8,1.5,0.8,1.2,0.0,0.3,0.0,0.0,0.0,0.5,0.7,1.2,0.2,0.5,0.2,0.5,1.3,Real Madrid,2016
Dino Radoncic,1,3.0,1.0,0.0,1.0,0.0,1.0,0.0,0.0,,1.0,2.0,0.0,0.0,0.0,0.0,0.0,0.0,0.0,1.0,Real Madrid,2016
Sergio Llull,30,27.5,10.4,3.6,8.2,1.8,3.5,1.8,4.7,37.9,1.5,1.9,0.2,1.5,1.7,5.8,0.8,0.1,0.8,1.8,Real Madrid,2015
Rudy Fernandez,25,27.4,12.7,4.0,9.7,2.1,4.2,2.0,5.5,35.5,2.6,3.0,0.8,2.6,3.4,3.3,1.5,0.1,1.3,1.6,Real Madrid,2015
Sergio Rodriguez,28,21.6,11.1,3.9,8.8,2.3,4.8,1.5,4.0,38.1,1.8,2.2,0.2,1.2,1.4,5.1,1.0,0.0,1.3,1.6,Real Madrid,2015
Felipe Reyes,30,19.1,10.7,3.7,7.4,3.6,6.9,0.2,0.6,29.4,3.1,3.8,2.5,2.6,5.1,1.0,0.5,0.3,0.9,2.5,Real Madrid,2015
Gustavo Ayon,29,18.7,8.1,3.6,5.8,3.6,5.8,0.0,0.0,,0.9,1.2,1.7,2.9,4.5,1.9,1.1,0.6,1.2,2.3,Real Madrid,2015
Andres Nocioni,29,17.7,8.7,3.1,6.7,1.9,3.5,1.2,3.1,37.4,1.3,1.7,0.7,3.1,3.9,0.5,0.2,0.3,0.9,2.5,Real Madrid,2015
Jaycee Carroll,30,17.7,9.6,3.4,6.6,1.8,3.1,1.7,3.5,48.1,1.0,1.2,0.5,1.6,2.0,0.7,0.5,0.0,0.6,1.3,Real Madrid,2015
K.C. Rivers,30,17.0,5.3,2.0,4.6,1.0,2.2,1.0,2.4,41.1,0.3,0.3,0.4,1.9,2.3,1.1,0.6,0.0,0.4,1.6,Real Madrid,2015
Jonas Maciulis,27,14.0,3.9,1.3,3.4,0.7,1.7,0.6,1.7,33.3,0.8,1.1,0.8,1.6,2.4,1.0,0.6,0.1,0.7,1.5,Real Madrid,2015
Marcus Slaughter,27,12.2,3.0,1.2,1.9,1.2,1.9,0.0,0.0,,0.6,1.2,0.6,1.6,2.1,0.6,1.0,0.2,0.3,2.3,Real Madrid,2015
Yiannis Bouroussis,28,11.9,5.0,1.9,3.8,1.8,3.4,0.1,0.4,20.0,1.1,1.6,1.0,2.4,3.3,0.9,0.5,0.4,0.9,1.7,Real Madrid,2015
Salah Mejri,9,9.7,4.4,1.7,2.8,1.7,2.7,0.0,0.1,0.0,1.1,2.3,1.0,1.3,2.3,0.1,0.4,0.8,0.9,1.4,Real Madrid,2015
Facundo Campazzo,11,8.6,2.8,0.9,1.9,0.5,0.9,0.4,1.0,36.4,0.6,0.9,0.0,0.5,0.5,2.0,0.5,0.1,0.7,1.7,Real Madrid,2015
Sergio Llull,31,29.2,11.4,4.3,9.1,2.6,4.3,1.6,4.8,34.0,1.3,1.6,0.3,1.5,1.8,4.0,0.7,0.0,1.0,1.8,Real Madrid,2014
Rudy Fernandez,31,27.9,13.2,4.3,10.0,2.4,4.5,1.9,5.5,35.3,2.6,3.0,1.1,3.2,4.3,3.3,1.5,0.2,1.2,1.7,Real Madrid,2014
Nikola Mirotic,31,24.1,12.4,3.9,7.6,2.5,4.8,1.3,2.9,46.1,3.3,4.1,1.3,3.3,4.6,1.2,1.1,0.8,1.1,2.0,Real Madrid,2014
Sergio Rodriguez,31,22.4,14.0,4.6,9.2,2.4,4.7,2.2,4.5,50.0,2.5,2.7,0.3,1.7,2.0,4.9,1.2,0.1,2.5,1.7,Real Madrid,2014
Yiannis Bouroussis,29,21.1,8.3,3.0,5.6,2.6,4.4,0.4,1.2,35.3,2.0,2.4,1.8,4.2,6.0,0.9,0.4,0.8,1.0,2.2,Real Madrid,2014
Tremmell Darden,31,19.9,5.7,2.2,4.7,1.3,2.9,0.8,1.8,45.6,0.6,0.8,0.4,2.1,2.5,0.8,0.3,0.5,0.4,1.3,Real Madrid,2014
Felipe Reyes,30,16.4,9.1,2.9,6.2,2.6,5.4,0.2,0.8,30.4,3.1,3.7,2.0,2.9,4.9,0.7,0.3,0.2,1.0,2.8,Real Madrid,2014
Jaycee Carroll,16,13.8,7.1,2.5,5.6,0.9,1.8,1.6,3.9,40.3,0.5,0.6,0.3,1.3,1.5,0.8,0.4,0.0,0.8,1.0,Real Madrid,2014
Marcus Slaughter,31,12.4,3.2,1.4,2.0,1.4,1.9,0.0,0.1,0.0,0.5,1.1,0.8,1.5,2.4,0.5,0.6,0.3,0.5,2.1,Real Madrid,2014
Dontaye Draper,20,11.4,1.7,0.6,2.0,0.2,0.9,0.4,1.1,33.3,0.3,0.3,0.1,0.7,0.7,1.3,0.8,0.0,0.5,1.5,Real Madrid,2014
Salah Mejri,26,10.0,3.5,1.5,2.5,1.4,2.3,0.1,0.1,66.7,0.5,0.8,1.0,1.9,2.9,0.1,0.4,1.1,0.4,1.5,Real Madrid,2014
Daniel Diez,24,7.9,1.8,0.8,1.7,0.6,1.0,0.2,0.6,26.7,0.0,0.2,0.3,0.5,0.8,0.3,0.3,0.0,0.3,0.6,Real Madrid,2014
Alberto Martin,2,2.5,0.0,0.0,0.0,0.0,0.0,0.0,0.0,,0.0,0.0,0.0,0.0,0.0,0.5,0.5,0.0,0.0,0.5,Real Madrid,2014
Jonathan Barreiro,2,1.5,0.5,0.0,1.0,0.0,1.0,0.0,0.0,,0.5,0.5,0.0,0.5,0.5,0.0,0.5,0.0,0.0,0.0,Real Madrid,2014
Rudy Fernandez,27,27.2,13.7,4.4,10.2,2.4,4.5,1.9,5.7,33.8,3.0,3.7,0.9,3.0,3.9,3.1,1.5,0.4,1.6,1.9,Real Madrid,2013
Sergio Llull,27,27.0,10.4,3.5,8.7,1.9,4.1,1.6,4.6,33.9,1.9,2.4,0.5,1.8,2.3,3.2,0.6,0.1,1.7,2.0,Real Madrid,2013
Nikola Mirotic,29,24.9,11.4,3.9,8.1,3.0,5.4,0.9,2.8,32.5,2.8,3.2,1.6,3.7,5.3,0.9,0.7,0.9,1.6,2.4,Real Madrid,2013
Jaycee Carroll,29,21.5,11.9,4.3,9.1,2.5,4.7,1.9,4.4,42.5,1.3,1.5,0.8,2.1,2.9,0.6,0.6,0.1,0.6,1.5,Real Madrid,2013
Marcus Slaughter,29,19.2,5.0,2.2,3.3,2.2,3.3,0.0,0.0,,0.6,1.5,1.5,2.1,3.6,0.4,0.9,0.7,0.8,2.7,Real Madrid,2013
Felipe Reyes,29,18.2,7.6,2.7,5.8,2.5,5.2,0.2,0.6,29.4,2.1,2.9,2.0,3.0,5.1,0.5,0.5,0.3,1.2,3.0,Real Madrid,2013
Sergio Rodriguez,29,18.2,7.5,2.7,7.1,1.7,3.8,1.0,3.3,29.5,1.2,1.4,0.2,1.6,1.8,3.9,0.7,0.0,1.6,1.9,Real Madrid,2013
Carlos Suarez,29,17.0,3.6,1.3,3.3,0.8,1.6,0.5,1.7,28.0,0.6,0.9,0.8,2.2,3.0,1.3,0.3,0.1,0.5,1.2,Real Madrid,2013
Mirza Begic,29,12.8,5.0,2.0,3.8,2.0,3.8,0.0,0.0,,0.9,1.5,1.6,1.8,3.4,0.3,0.2,0.9,0.7,2.2,Real Madrid,2013
Dontaye Draper,26,10.8,1.9,0.6,2.4,0.3,1.3,0.3,1.1,25.0,0.4,0.5,0.2,1.0,1.1,1.0,0.7,0.1,0.6,1.3,Real Madrid,2013
Martynas Pocius,12,10.2,3.2,1.1,2.9,0.8,1.3,0.3,1.6,21.1,0.7,0.7,0.3,0.5,0.8,0.3,0.3,0.0,0.3,0.9,Real Madrid,2013
Rafael Hettsheimeir,17,8.6,3.4,1.3,2.6,1.2,2.2,0.1,0.4,33.3,0.6,0.8,0.9,1.2,2.1,0.4,0.1,0.3,0.4,1.7,Real Madrid,2013
Guillermo Hernangomez,3,4.7,1.3,0.7,2.3,0.7,2.3,0.0,0.0,,0.0,0.0,0.7,0.3,1.0,0.0,0.0,0.0,0.3,1.7,Real Madrid,2013
Rudy Fernandez,8,25.0,11.5,3.8,9.8,1.9,3.9,1.9,5.9,31.9,2.1,2.4,0.5,2.6,3.1,2.3,1.3,0.1,1.5,2.0,Real Madrid,2012
Kyle Singler,8,23.1,8.1,3.1,6.8,2.5,5.1,0.6,1.6,38.5,1.3,2.0,1.4,2.9,4.3,0.8,0.4,0.4,1.5,2.6,Real Madrid,2012
Nikola Mirotic,16,23.1,12.5,3.9,7.5,2.8,4.9,1.1,2.6,43.9,3.5,3.8,0.9,3.6,4.5,0.9,0.8,0.4,1.3,2.2,Real Madrid,2012
Jaycee Carroll,16,22.4,14.2,4.9,9.8,2.6,5.3,2.3,4.5,51.4,2.0,2.3,1.0,1.6,2.6,0.8,0.1,0.2,1.1,1.8,Real Madrid,2012
Sergio Llull,16,22.2,7.4,2.6,6.0,1.8,3.3,0.8,2.8,29.5,1.4,2.0,0.4,1.1,1.5,3.2,0.6,0.0,1.4,2.1,Real Madrid,2012
Sergio Rodriguez,16,20.1,7.4,2.5,5.1,1.6,3.1,0.9,2.0,46.9,1.4,1.8,0.1,1.4,1.5,5.4,0.8,0.0,2.3,1.9,Real Madrid,2012
Felipe Reyes,16,18.5,8.4,2.8,5.9,2.8,5.9,0.0,0.0,,2.9,3.6,2.6,3.7,6.3,0.6,0.6,0.2,0.8,3.1,Real Madrid,2012
Carlos Suarez,16,18.4,4.6,1.7,4.1,1.1,1.8,0.6,2.3,24.3,0.7,0.8,0.7,1.9,2.6,1.3,0.9,0.2,0.8,1.4,Real Madrid,2012
Martynas Pocius,14,15.1,7.4,2.4,6.0,1.9,3.7,0.6,2.3,25.0,2.0,2.2,0.2,1.4,1.6,0.9,0.2,0.1,1.0,1.4,Real Madrid,2012
Serge Ibaka,6,15.0,5.5,2.0,3.5,2.0,3.5,0.0,0.0,,1.5,1.8,1.8,2.8,4.7,0.0,0.5,2.0,0.7,2.2,Real Madrid,2012
Ante Tomic,15,14.6,6.7,2.9,5.4,2.9,5.4,0.0,0.0,,0.9,1.3,1.2,2.5,3.7,0.7,0.1,0.6,0.9,2.4,Real Madrid,2012
Mirza Begic,15,14.2,4.6,2.0,3.7,2.0,3.7,0.0,0.0,,0.6,0.9,1.7,3.0,4.7,0.4,0.1,1.7,0.9,2.3,Real Madrid,2012
Novica Velickovic,7,11.6,4.1,1.7,4.1,1.3,2.7,0.4,1.4,30.0,0.3,1.1,0.7,1.1,1.9,1.6,0.7,0.1,0.4,1.4,Real Madrid,2012
Jorge Sanz,5,1.6,2.2,0.8,1.0,0.2,0.4,0.6,0.6,100.0,0.0,0.0,0.0,0.0,0.0,0.0,0.0,0.0,0.0,0.2,Real Madrid,2012
Sergio Llull,23,28.0,11.9,4.0,9.7,2.5,5.4,1.5,4.3,34.3,2.5,3.0,0.7,1.6,2.3,3.0,0.8,0.1,2.1,2.0,Real Madrid,2011
Pablo Prigioni,18,25.5,5.4,1.7,4.5,0.4,0.9,1.2,3.6,34.4,0.9,1.2,0.5,2.1,2.6,3.4,1.4,0.0,1.2,2.1,Real Madrid,2011
Carlos Suarez,23,23.5,6.5,1.9,5.3,0.8,2.0,1.1,3.3,32.9,1.6,2.0,1.0,3.2,4.3,1.7,0.5,0.1,0.9,1.7,Real Madrid,2011
Clay Tucker,23,23.4,8.7,3.3,9.2,2.2,5.4,1.1,3.7,29.1,1.0,1.3,0.3,2.0,2.3,1.7,0.5,0.2,1.3,2.1,Real Madrid,2011
Ante Tomic,23,21.1,9.9,4.2,8.3,4.2,8.3,0.0,0.0,,1.6,2.3,2.0,3.3,5.3,1.1,0.6,0.6,1.7,2.8,Real Madrid,2011
Felipe Reyes,21,19.1,8.7,3.0,7.0,2.9,6.5,0.1,0.5,20.0,2.7,3.2,2.5,3.0,5.5,0.9,0.4,0.2,1.6,2.9,Real Madrid,2011
Sergio Rodriguez,18,18.8,6.1,2.1,5.1,1.9,4.0,0.2,1.1,20.0,1.7,1.8,0.6,1.3,1.9,3.1,0.5,0.0,1.9,1.8,Real Madrid,2011
D'or Fischer,23,18.5,6.2,2.5,4.4,2.5,4.4,0.0,0.0,,1.2,1.3,2.7,3.1,5.9,0.4,0.5,1.4,0.9,2.6,Real Madrid,2011
Jorge Garbajosa,11,16.2,5.4,1.7,4.1,0.8,1.5,0.9,2.6,34.5,1.0,1.3,0.7,2.0,2.7,0.3,0.6,0.5,0.4,1.1,Real Madrid,2011
Nikola Mirotic,20,15.0,6.6,2.4,4.8,1.8,3.3,0.6,1.6,38.7,1.2,1.4,1.1,2.2,3.3,0.6,0.5,0.5,0.7,1.3,Real Madrid,2011
Novica Velickovic,19,12.1,3.4,1.3,3.2,1.2,2.8,0.1,0.3,33.3,0.6,1.4,1.1,1.7,2.8,0.5,0.2,0.2,1.1,1.2,Real Madrid,2011
Sergi Vidal,11,6.5,1.5,0.5,1.5,0.3,0.6,0.2,0.8,22.2,0.4,0.5,0.3,0.7,1.0,0.2,0.3,0.0,0.5,0.1,Real Madrid,2011
Mirza Begic,6,5.3,3.5,1.7,2.3,1.7,2.3,0.0,0.0,,0.2,0.3,0.2,0.5,0.7,0.0,0.2,0.2,0.3,1.3,Real Madrid,2011
Victor Arteaga,1,3.0,2.0,1.0,3.0,1.0,3.0,0.0,0.0,,0.0,0.0,0.0,0.0,0.0,0.0,0.0,1.0,1.0,1.0,Real Madrid,2011
Josh Fisher,2,2.0,0.0,0.0,1.0,0.0,0.5,0.0,0.5,0.0,0.0,0.0,0.0,0.5,0.5,0.0,0.0,0.0,0.0,0.0,Real Madrid,2011
Jeferson Froehlich,,,,,,,,,,,,,,,,,,,,,Real Madrid,2011
Pablo Prigioni,20,27.7,7.0,2.2,5.1,1.1,1.8,1.1,3.4,32.8,1.6,1.8,0.6,2.0,2.6,4.5,1.5,0.1,1.6,2.2,Real Madrid,2010
Marko Jaric,12,25.8,7.1,2.3,6.2,1.4,4.1,0.9,2.1,44.0,1.5,2.2,0.6,3.6,4.2,1.7,1.3,0.2,1.4,2.6,Real Madrid,2010
Novica Velickovic,16,22.6,7.9,3.2,6.4,2.9,5.6,0.3,0.8,41.7,1.2,2.1,1.8,2.4,4.1,1.8,0.8,0.3,1.6,1.9,Real Madrid,2010
Jorge Garbajosa,20,21.9,8.2,2.8,6.2,1.9,3.6,1.0,2.6,37.3,1.7,2.1,1.0,3.0,4.0,1.1,0.6,0.2,0.9,1.8,Real Madrid,2010
Ante Tomic,9,21.8,11.0,5.0,8.1,5.0,8.1,0.0,0.0,,1.0,1.6,1.8,1.8,3.6,0.9,0.2,1.1,1.7,2.8,Real Madrid,2010
Rimantas Kaukenas,18,21.4,10.3,4.0,7.3,3.3,5.4,0.7,1.9,35.3,1.6,1.9,0.1,1.0,1.1,1.3,0.6,0.0,1.2,2.1,Real Madrid,2010
Sergio Llull,18,21.1,9.5,3.4,6.5,1.8,2.8,1.6,3.7,41.8,1.2,1.6,0.1,1.1,1.2,2.0,1.0,0.1,0.8,2.1,Real Madrid,2010
Darjus Lavrinovic,20,20.0,11.1,3.8,6.5,3.4,5.7,0.4,0.9,41.2,3.3,4.4,1.6,3.0,4.5,1.2,1.0,0.9,1.7,2.0,Real Madrid,2010
Felipe Reyes,14,17.8,7.3,2.5,5.8,2.5,5.7,0.0,0.1,0.0,2.3,2.9,1.1,3.9,5.0,0.9,0.8,0.1,1.6,2.6,Real Madrid,2010
Travis Hansen,17,17.2,4.8,1.5,3.9,0.5,1.5,1.0,2.5,40.5,0.8,0.9,0.5,1.4,1.9,0.6,0.5,0.0,0.6,2.2,Real Madrid,2010
Louis Bullock,18,15.0,6.9,1.9,4.5,1.0,2.1,0.9,2.4,38.6,2.1,2.2,0.1,1.1,1.2,0.6,0.2,0.0,1.0,2.0,Real Madrid,2010
Sergi Vidal,11,12.1,2.2,0.8,1.6,0.5,0.9,0.3,0.7,37.5,0.3,0.5,0.4,0.9,1.3,0.5,0.4,0.0,0.5,0.4,Real Madrid,2010
Vladimir Dasic,4,8.0,3.5,1.3,3.8,0.8,2.0,0.5,1.8,28.6,0.5,0.5,0.3,2.0,2.3,0.5,0.3,0.0,0.5,1.0,Real Madrid,2010
Ignacio De Miguel,3,5.0,0.7,0.0,0.7,0.0,0.7,0.0,0.0,,0.7,0.7,0.0,0.3,0.3,0.3,0.7,0.3,1.0,1.0,Real Madrid,2010
Tomas Van Den Spiegel,2,4.5,1.0,0.5,0.5,0.5,0.5,0.0,0.0,,0.0,0.0,0.0,0.0,0.0,0.5,0.5,0.0,0.5,2.0,Real Madrid,2010
Cheick Samb,1,3.0,0.0,0.0,0.0,0.0,0.0,0.0,0.0,,0.0,0.0,0.0,1.0,1.0,0.0,0.0,0.0,0.0,0.0,Real Madrid,2010
Alberto Jodar,,,,,,,,,,,,,,,,,,,,,Real Madrid,2010
