course_id,course_title,course_ects,task_id,task_title,is_resource,deadline,weight
CRS31CE5D,Course 1,3,TSK6F5187,Task 1 for Course 1,False,2023-02-16T12:14:00,0.1107
CRS31CE5D,Course 1,3,TSK345584,Task 2 for Course 1,False,2023-03-03T11:19:00,0.3331
CRS31CE5D,Course 1,3,TSKE38AE7,Task 3 for Course 1,False,2023-03-18T08:18:00,0.454
CRS31CE5D,Course 1,3,TSK01BD8F,Resource 4 for Course 1,True,2023-03-03T17:28:00,0.0
CRS31CE5D,Course 1,3,TSK1028BE,Resource 5 for Course 1,True,2023-04-02T14:49:00,0.0
CRS31CE5D,Course 1,3,TSK239101,Task 6 for Course 1,False,2023-05-02T10:09:00,0.1022
CRS31CE5D,Course 1,3,TSK6A2C7F,Resource 7 for Course 1,True,2023-05-02T15:27:00,0.0
CRSF53779,Course 2,10,TSK71B13B,Task 1 for Course 2,False,2020-02-18T10:58:00,0.1744
CRSF53779,Course 2,10,TSK769D85,Resource 2 for Course 2,True,2020-02-15T14:25:00,0.0
CRSF53779,Course 2,10,TSK71109F,Resource 3 for Course 2,True,2020-02-21T13:42:00,0.0
CRSF53779,Course 2,10,TSKDE0E08,Task 4 for Course 2,False,2020-02-28T22:24:00,0.8256
CRSF53779,Course 2,10,TSK5ED0F5,Resource 5 for Course 2,True,2020-02-27T14:02:00,0.0
CRSF53779,Course 2,10,TSK0A9060,Resource 6 for Course 2,True,2020-02-27T15:03:00,0.0
CRSF53779,Course 2,10,TSK162235,Resource 7 for Course 2,True,2020-03-04T16:08:00,0.0
CRSF53779,Course 2,10,TSKC0C9C7,Resource 8 for Course 2,True,2020-03-04T13:30:00,0.0
CRSC9A6A0,Course 3,9,TSK805B92,Resource 1 for Course 3,True,2020-05-24T09:39:00,0.0
CRSC9A6A0,Course 3,9,TSKD873DE,Resource 2 for Course 3,True,2020-05-24T09:30:00,0.0
CRSC9A6A0,Course 3,9,TSK0219F6,Task 3 for Course 3,False,2020-06-08T23:05:00,1.0
CRSC9A6A0,Course 3,9,TSK52B8E9,Resource 4 for Course 3,True,2020-06-03T15:10:00,0.0
CRSC9A6A0,Course 3,9,TSKE0193C,Resource 5 for Course 3,True,2020-06-13T10:07:00,0.0
CRSE3C0B1,Course 4,9,TSK1F5091,Task 1 for Course 4,False,2022-02-14T13:41:00,0.0419
CRSE3C0B1,Course 4,9,TSKF1BC95,Resource 2 for Course 4,True,2022-02-01T11:17:00,0.0
CRSE3C0B1,Course 4,9,TSKB7B1EF,Task 3 for Course 4,False,2022-03-13T17:50:00,0.391
CRSE3C0B1,Course 4,9,TSKD86314,Resource 4 for Course 4,True,2022-02-25T10:38:00,0.0
CRSE3C0B1,Course 4,9,TSK11A156,Task 5 for Course 4,False,2022-04-08T18:43:00,0.1714
CRSE3C0B1,Course 4,9,TSK3EB5FC,Task 6 for Course 4,False,2022-04-22T13:56:00,0.3958
CRSE3C0B1,Course 4,9,TSK7BFA7A,Resource 7 for Course 4,True,2022-04-14T10:54:00,0.0
CRSE3C0B1,Course 4,9,TSK94F353,Resource 8 for Course 4,True,2022-04-14T12:04:00,0.0
CRS1A1768,Course 5,5,TSK8F4DB2,Resource 1 for Course 5,True,2020-09-01T16:27:00,0.0
CRS1A1768,Course 5,5,TSKF853AD,Resource 2 for Course 5,True,2020-09-01T17:09:00,0.0
CRS1A1768,Course 5,5,TSK3F6A63,Resource 3 for Course 5,True,2020-10-11T14:23:00,0.0
CRS1A1768,Course 5,5,TSK2BDA01,Resource 4 for Course 5,True,2020-10-11T14:12:00,0.0
CRS1A1768,Course 5,5,TSK88F9EB,Resource 5 for Course 5,True,2020-11-20T14:37:00,0.0
CRSB3DEC3,Course 6,9,TSK9ABD3D,Resource 1 for Course 6,True,2020-02-01T10:42:00,0.0
CRSB3DEC3,Course 6,9,TSK332FAE,Resource 2 for Course 6,True,2020-02-01T13:02:00,0.0
CRSB3DEC3,Course 6,9,TSK3F550B,Resource 3 for Course 6,True,2020-03-12T09:39:00,0.0
CRSB3DEC3,Course 6,9,TSKEE20C8,Task 4 for Course 6,False,2020-05-07T23:51:00,1.0
CRSE8DD32,Course 7,6,TSKD4AE64,Task 1 for Course 7,False,2024-02-16T22:32:00,0.5843
CRSE8DD32,Course 7,6,TSKC691F8,Resource 2 for Course 7,True,2024-02-01T13:42:00,0.0
CRSE8DD32,Course 7,6,TSK191A19,Resource 3 for Course 7,True,2024-03-02T17:51:00,0.0
CRSE8DD32,Course 7,6,TSK14F810,Task 4 for Course 7,False,2024-04-01T18:11:00,0.2955
CRSE8DD32,Course 7,6,TSKD24442,Resource 5 for Course 7,True,2024-04-01T17:24:00,0.0
CRSE8DD32,Course 7,6,TSK65F538,Task 6 for Course 7,False,2024-05-01T16:41:00,0.1202
CRSE8DD32,Course 7,6,TSK63D8A7,Resource 7 for Course 7,True,2024-05-01T18:32:00,0.0
CRS2F9B0B,Course 8,6,TSK822759,Resource 1 for Course 8,True,2024-02-01T16:36:00,0.0
CRS2F9B0B,Course 8,6,TSK74671A,Resource 2 for Course 8,True,2024-02-01T12:36:00,0.0
CRS2F9B0B,Course 8,6,TSKEB6714,Resource 3 for Course 8,True,2024-03-02T18:21:00,0.0
CRS2F9B0B,Course 8,6,TSKDB69F2,Resource 4 for Course 8,True,2024-03-02T13:09:00,0.0
CRS2F9B0B,Course 8,6,TSKED92B4,Resource 5 for Course 8,True,2024-04-01T10:19:00,0.0
CRS2F9B0B,Course 8,6,TSKC38EE7,Resource 6 for Course 8,True,2024-04-01T09:34:00,0.0
CRSE4187D,Course 9,6,TSK5ED805,Resource 1 for Course 9,True,2020-02-01T11:51:00,0.0
CRSE4187D,Course 9,6,TSKA630D5,Task 2 for Course 9,False,2020-04-01T09:54:00,1.0
CRSE4187D,Course 9,6,TSK9A6ABE,Resource 3 for Course 9,True,2020-04-01T18:45:00,0.0
CRSD1D563,Course 10,3,TSK71972D,Resource 1 for Course 10,True,2024-02-01T17:07:00,0.0
CRSD1D563,Course 10,3,TSK5B3C0D,Resource 2 for Course 10,True,2024-02-01T11:13:00,0.0
CRSD1D563,Course 10,3,TSKC6F00E,Resource 3 for Course 10,True,2024-03-02T13:36:00,0.0
CRSD1D563,Course 10,3,TSK229ACD,Resource 4 for Course 10,True,2024-03-02T18:55:00,0.0
CRSD1D563,Course 10,3,TSKB54576,Resource 5 for Course 10,True,2024-04-01T16:20:00,0.0
CRSD1D563,Course 10,3,TSK55D84A,Resource 6 for Course 10,True,2024-04-01T17:16:00,0.0
CRSBA7C05,Course 11,5,TSK053FC4,Resource 1 for Course 11,True,2024-02-01T12:46:00,0.0
CRSBA7C05,Course 11,5,TSKF70252,Resource 2 for Course 11,True,2024-02-01T15:08:00,0.0
CRSBA7C05,Course 11,5,TSKBB1549,Resource 3 for Course 11,True,2024-02-25T15:52:00,0.0
CRSBA7C05,Course 11,5,TSKB4FA6F,Resource 4 for Course 11,True,2024-02-25T12:12:00,0.0
CRSBA7C05,Course 11,5,TSK63A161,Resource 5 for Course 11,True,2024-03-20T09:25:00,0.0
CRSBA7C05,Course 11,5,TSK793CD9,Task 6 for Course 11,False,2024-04-21T09:11:00,0.5411
CRSBA7C05,Course 11,5,TSK286E4E,Task 7 for Course 11,False,2024-05-04T18:38:00,0.3328
CRSBA7C05,Course 11,5,TSKB68AE1,Task 8 for Course 11,False,2024-05-17T19:16:00,0.126
CRS817AE2,Course 12,3,TSK8B3DB6,Resource 1 for Course 12,True,2023-09-01T12:40:00,0.0
CRS817AE2,Course 12,3,TSK54D783,Task 2 for Course 12,False,2023-10-19T23:37:00,0.5298
CRS817AE2,Course 12,3,TSK12661E,Task 3 for Course 12,False,2023-11-12T08:48:00,0.4702
CRS817AE2,Course 12,3,TSK1753A9,Resource 4 for Course 12,True,2023-10-11T12:02:00,0.0
CRS79BCC1,Course 13,3,TSK7A1A2F,Resource 1 for Course 13,True,2024-02-01T10:27:00,0.0
CRS79BCC1,Course 13,3,TSKFC6E59,Resource 2 for Course 13,True,2024-02-01T16:58:00,0.0
CRS79BCC1,Course 13,3,TSK9BBEA2,Task 3 for Course 13,False,2024-03-12T22:09:00,0.8538
CRS79BCC1,Course 13,3,TSK162B23,Resource 4 for Course 13,True,2024-02-25T16:57:00,0.0
CRS79BCC1,Course 13,3,TSK5D90FE,Resource 5 for Course 13,True,2024-03-20T14:42:00,0.0
CRS79BCC1,Course 13,3,TSKFCFB39,Resource 6 for Course 13,True,2024-03-20T17:12:00,0.0
CRS79BCC1,Course 13,3,TSK7A633F,Resource 7 for Course 13,True,2024-04-13T14:06:00,0.0
CRS79BCC1,Course 13,3,TSK4F6582,Task 8 for Course 13,False,2024-05-17T12:11:00,0.1462
CRS185FC6,Course 14,10,TSKB9B163,Resource 1 for Course 14,True,2023-09-01T17:28:00,0.0
CRS185FC6,Course 14,10,TSKA6D7F5,Resource 2 for Course 14,True,2023-09-01T17:05:00,0.0
CRS185FC6,Course 14,10,TSKB4D531,Resource 3 for Course 14,True,2023-10-31T18:11:00,0.0
CRS89B8C7,Course 15,5,TSKD7A475,Resource 1 for Course 15,True,2022-05-05T15:38:00,0.0
CRS89B8C7,Course 15,5,TSK3C459C,Task 2 for Course 15,False,2022-05-20T23:51:00,1.0
CRS89B8C7,Course 15,5,TSK526B17,Resource 3 for Course 15,True,2022-05-20T11:56:00,0.0
CRS8EE952,Course 16,10,TSKC878F0,Task 1 for Course 16,False,2024-02-14T19:40:00,0.1937
CRS8EE952,Course 16,10,TSK34534E,Resource 2 for Course 16,True,2024-02-01T15:54:00,0.0
CRS8EE952,Course 16,10,TSK15AA70,Task 3 for Course 16,False,2024-03-12T16:05:00,0.3788
CRS8EE952,Course 16,10,TSKF73839,Task 4 for Course 16,False,2024-03-25T22:16:00,0.2431
CRS8EE952,Course 16,10,TSKBEA6DD,Task 5 for Course 16,False,2024-04-07T08:32:00,0.1011
CRS8EE952,Course 16,10,TSK53E5E7,Resource 6 for Course 16,True,2024-03-20T12:05:00,0.0
CRS8EE952,Course 16,10,TSK723AF7,Resource 7 for Course 16,True,2024-04-13T13:33:00,0.0
CRS8EE952,Course 16,10,TSK858109,Task 8 for Course 16,False,2024-05-17T19:39:00,0.0832
CRS5808ED,Course 17,3,TSKE6CC6D,Resource 1 for Course 17,True,2020-12-14T15:07:00,0.0
CRS5808ED,Course 17,3,TSK46D15F,Task 2 for Course 17,False,2020-12-26T09:15:00,1.0
CRS5808ED,Course 17,3,TSKFCC03D,Resource 3 for Course 17,True,2020-12-24T13:35:00,0.0
CRS5808ED,Course 17,3,TSKA0C399,Resource 4 for Course 17,True,2020-12-24T15:16:00,0.0
CRS779DCE,Course 18,9,TSK1872F6,Resource 1 for Course 18,True,2022-02-01T15:43:00,0.0
CRS779DCE,Course 18,9,TSKBA15FF,Resource 2 for Course 18,True,2022-02-01T11:55:00,0.0
CRS779DCE,Course 18,9,TSK2B8270,Task 3 for Course 18,False,2022-04-02T09:50:00,0.3152
CRS779DCE,Course 18,9,TSK752CFD,Resource 4 for Course 18,True,2022-03-13T12:07:00,0.0
CRS779DCE,Course 18,9,TSK241330,Task 5 for Course 18,False,2022-05-12T17:00:00,0.6848
CRS6FD049,Course 19,3,TSK9F86B9,Resource 1 for Course 19,True,2021-11-14T16:52:00,0.0
CRS6FD049,Course 19,3,TSK731396,Resource 2 for Course 19,True,2021-11-14T15:23:00,0.0
CRS6FD049,Course 19,3,TSKD2ECEE,Resource 3 for Course 19,True,2021-11-20T10:18:00,0.0
CRS6FD049,Course 19,3,TSKDA3B8F,Resource 4 for Course 19,True,2021-11-20T15:23:00,0.0
CRS6FD049,Course 19,3,TSKDCBC64,Resource 5 for Course 19,True,2021-11-26T18:00:00,0.0
CRS6FD049,Course 19,3,TSK089990,Resource 6 for Course 19,True,2021-11-26T16:17:00,0.0
CRS6FD049,Course 19,3,TSKB95158,Resource 7 for Course 19,True,2021-12-02T12:55:00,0.0
CRS6FD049,Course 19,3,TSK1FF488,Resource 8 for Course 19,True,2021-12-02T16:37:00,0.0
CRS46C675,Course 20,9,TSK2A44B9,Resource 1 for Course 20,True,2023-10-18T16:43:00,0.0
CRS46C675,Course 20,9,TSK18797B,Resource 2 for Course 20,True,2023-10-18T17:16:00,0.0
CRS46C675,Course 20,9,TSK362A67,Resource 3 for Course 20,True,2023-10-25T16:36:00,0.0
CRS46C675,Course 20,9,TSK81DC08,Resource 4 for Course 20,True,2023-10-25T09:01:00,0.0
CRS46C675,Course 20,9,TSK5543CB,Resource 5 for Course 20,True,2023-11-01T11:51:00,0.0
CRS46C675,Course 20,9,TSKEFE135,Resource 6 for Course 20,True,2023-11-01T11:29:00,0.0
CRS0D0C93,Course 21,9,TSKB40D82,Resource 1 for Course 21,True,2020-02-02T14:37:00,0.0
CRS0D0C93,Course 21,9,TSK333B6F,Resource 2 for Course 21,True,2020-02-02T14:14:00,0.0
CRS0D0C93,Course 21,9,TSK6B7259,Resource 3 for Course 21,True,2020-02-08T13:41:00,0.0
CRS0D0C93,Course 21,9,TSK2F4618,Resource 4 for Course 21,True,2020-02-08T09:29:00,0.0
CRS0D0C93,Course 21,9,TSKC20139,Task 5 for Course 21,False,2020-02-18T17:14:00,0.5486
CRS0D0C93,Course 21,9,TSK487224,Resource 6 for Course 21,True,2020-02-14T11:01:00,0.0
CRS0D0C93,Course 21,9,TSK2BA6FA,Resource 7 for Course 21,True,2020-02-20T13:01:00,0.0
CRS0D0C93,Course 21,9,TSK20FD02,Task 8 for Course 21,False,2020-02-28T10:33:00,0.4514
CRS501E44,Course 22,10,TSK5C38C4,Resource 1 for Course 22,True,2023-02-01T17:25:00,0.0
CRS501E44,Course 22,10,TSK0A2F4B,Resource 2 for Course 22,True,2023-02-01T13:11:00,0.0
CRS501E44,Course 22,10,TSK2B4345,Resource 3 for Course 22,True,2023-03-13T14:37:00,0.0
CRS501E44,Course 22,10,TSK729F63,Task 4 for Course 22,False,2023-04-22T08:22:00,0.8053
CRS501E44,Course 22,10,TSK70D5E3,Task 5 for Course 22,False,2023-05-12T21:49:00,0.1947
CRSC05DF7,Course 23,5,TSK8EF0AD,Task 1 for Course 23,False,2023-02-14T13:19:00,0.2066
CRSC05DF7,Course 23,5,TSKFF86B9,Task 2 for Course 23,False,2023-02-27T23:20:00,0.0229
CRSC05DF7,Course 23,5,TSK5571D5,Resource 3 for Course 23,True,2023-02-25T17:10:00,0.0
CRSC05DF7,Course 23,5,TSK003E6E,Task 4 for Course 23,False,2023-03-26T17:33:00,0.1326
CRSC05DF7,Course 23,5,TSK3AAD6A,Task 5 for Course 23,False,2023-04-08T11:09:00,0.3444
CRSC05DF7,Course 23,5,TSKFC89CF,Resource 6 for Course 23,True,2023-03-21T12:50:00,0.0
CRSC05DF7,Course 23,5,TSK43D331,Task 7 for Course 23,False,2023-05-05T13:48:00,0.2935
CRSC05DF7,Course 23,5,TSK4A6DA9,Resource 8 for Course 23,True,2023-04-14T16:09:00,0.0
CRSC6B0E8,Course 24,6,TSK5F1888,Resource 1 for Course 24,True,2024-02-01T10:42:00,0.0
CRSC6B0E8,Course 24,6,TSKCB3FAF,Resource 2 for Course 24,True,2024-02-01T17:11:00,0.0
CRSC6B0E8,Course 24,6,TSK5F7FDD,Task 3 for Course 24,False,2024-04-01T21:25:00,0.9348
CRSC6B0E8,Course 24,6,TSKF53AEC,Resource 4 for Course 24,True,2024-03-12T10:35:00,0.0
CRSC6B0E8,Course 24,6,TSK74CE72,Task 5 for Course 24,False,2024-05-11T13:37:00,0.0652
CRS1B851A,Course 25,5,TSK68E4B2,Resource 1 for Course 25,True,2022-02-01T13:18:00,0.0
CRS1B851A,Course 25,5,TSKF53D74,Task 2 for Course 25,False,2022-04-02T08:04:00,1.0
CRS1B851A,Course 25,5,TSK0A9C4F,Resource 3 for Course 25,True,2022-04-02T09:06:00,0.0
CRS9A990D,Course 26,9,TSK318BAD,Resource 1 for Course 26,True,2022-02-01T14:57:00,0.0
CRS9A990D,Course 26,9,TSK47BBE9,Resource 2 for Course 26,True,2022-02-01T12:02:00,0.0
CRS9A990D,Course 26,9,TSKE68E8F,Task 3 for Course 26,False,2022-04-02T09:46:00,1.0
CRS9A990D,Course 26,9,TSK970599,Resource 4 for Course 26,True,2022-03-13T13:55:00,0.0
CRS9A990D,Course 26,9,TSK6B88ED,Resource 5 for Course 26,True,2022-04-22T13:44:00,0.0
CRSC171F1,Course 27,3,TSKF4531E,Resource 1 for Course 27,True,2022-10-28T12:50:00,0.0
CRSC171F1,Course 27,3,TSKCCEB26,Resource 2 for Course 27,True,2022-10-28T12:21:00,0.0
CRSC171F1,Course 27,3,TSK45C83C,Resource 3 for Course 27,True,2022-11-12T18:39:00,0.0
CRS8EFEEE,Course 28,5,TSK741CE9,Task 1 for Course 28,False,2021-07-04T18:49:00,1.0
CRS8EFEEE,Course 28,5,TSK98B0BE,Resource 2 for Course 28,True,2021-06-29T15:30:00,0.0
CRS8EFEEE,Course 28,5,TSKA3EA7A,Resource 3 for Course 28,True,2021-07-09T15:33:00,0.0
CRS8EFEEE,Course 28,5,TSK93FF76,Resource 4 for Course 28,True,2021-07-09T10:57:00,0.0
CRS8EFEEE,Course 28,5,TSK6F98EE,Resource 5 for Course 28,True,2021-07-19T10:16:00,0.0
CRS24CBAA,Course 29,3,TSKB177D5,Resource 1 for Course 29,True,2023-07-25T16:57:00,0.0
CRS24CBAA,Course 29,3,TSK74B944,Resource 2 for Course 29,True,2023-07-25T09:26:00,0.0
CRS24CBAA,Course 29,3,TSK7A4216,Resource 3 for Course 29,True,2023-08-04T15:12:00,0.0
CRS24CBAA,Course 29,3,TSK59D065,Resource 4 for Course 29,True,2023-08-04T10:05:00,0.0
CRS24CBAA,Course 29,3,TSK43CB72,Resource 5 for Course 29,True,2023-08-14T09:06:00,0.0
CRS8F0D11,Course 30,10,TSK300204,Resource 1 for Course 30,True,2021-09-01T13:56:00,0.0
CRS8F0D11,Course 30,10,TSK7D9EFD,Resource 2 for Course 30,True,2021-09-01T14:13:00,0.0
CRS8F0D11,Course 30,10,TSK46B449,Resource 3 for Course 30,True,2021-10-01T12:04:00,0.0
CRS8F0D11,Course 30,10,TSKEC32B6,Resource 4 for Course 30,True,2021-10-01T17:37:00,0.0
CRS8F0D11,Course 30,10,TSK8756DC,Resource 5 for Course 30,True,2021-10-31T16:05:00,0.0
CRS8F0D11,Course 30,10,TSKC499C9,Resource 6 for Course 30,True,2021-10-31T18:44:00,0.0
CRS8F0D11,Course 30,10,TSKEFBDF6,Resource 7 for Course 30,True,2021-11-30T15:21:00,0.0
CRS283DC7,Course 31,10,TSKD82580,Resource 1 for Course 31,True,2020-02-01T12:09:00,0.0
CRS283DC7,Course 31,10,TSKC22D00,Resource 2 for Course 31,True,2020-02-01T12:12:00,0.0
CRS283DC7,Course 31,10,TSKFDA53C,Resource 3 for Course 31,True,2020-03-12T10:33:00,0.0
CRS283DC7,Course 31,10,TSK3F123C,Resource 4 for Course 31,True,2020-03-12T11:21:00,0.0
CRS283DC7,Course 31,10,TSKBBB69D,Task 5 for Course 31,False,2020-05-11T12:46:00,1.0
CRS50643A,Course 32,6,TSK9ECC08,Task 1 for Course 32,False,2024-02-14T21:25:00,0.3274
CRS50643A,Course 32,6,TSK550648,Resource 2 for Course 32,True,2024-02-01T17:41:00,0.0
CRS50643A,Course 32,6,TSKA483CE,Task 3 for Course 32,False,2024-03-12T13:51:00,0.608
CRS50643A,Course 32,6,TSK3024B5,Resource 4 for Course 32,True,2024-02-25T17:06:00,0.0
CRS50643A,Course 32,6,TSKEFFA91,Resource 5 for Course 32,True,2024-03-20T10:09:00,0.0
CRS50643A,Course 32,6,TSKD4220F,Task 6 for Course 32,False,2024-04-21T16:13:00,0.0646
CRS50643A,Course 32,6,TSKA9D486,Resource 7 for Course 32,True,2024-04-13T13:36:00,0.0
CRS50643A,Course 32,6,TSK166922,Resource 8 for Course 32,True,2024-04-13T15:32:00,0.0
CRS36A2D8,Course 33,6,TSKAFB980,Resource 1 for Course 33,True,2023-09-01T13:40:00,0.0
CRS36A2D8,Course 33,6,TSK80E53D,Resource 2 for Course 33,True,2023-09-01T10:45:00,0.0
CRS36A2D8,Course 33,6,TSKFF459F,Resource 3 for Course 33,True,2023-10-11T11:46:00,0.0
CRS36A2D8,Course 33,6,TSKD9A071,Task 4 for Course 33,False,2023-11-20T23:04:00,1.0
CRS36A2D8,Course 33,6,TSKBDFEA2,Resource 5 for Course 33,True,2023-11-20T13:09:00,0.0
CRS96D2A3,Course 34,3,TSK2618EF,Resource 1 for Course 34,True,2020-09-01T17:37:00,0.0
CRS96D2A3,Course 34,3,TSK2E99FA,Task 2 for Course 34,False,2020-10-11T17:49:00,1.0
CRS96D2A3,Course 34,3,TSK4B19DC,Resource 3 for Course 34,True,2020-10-11T17:45:00,0.0
CRS96D2A3,Course 34,3,TSK3CC07C,Resource 4 for Course 34,True,2020-10-11T14:38:00,0.0
CRS96D2A3,Course 34,3,TSKDFEB91,Resource 5 for Course 34,True,2020-11-20T15:46:00,0.0
CRS143175,Course 35,6,TSK2172D9,Resource 1 for Course 35,True,2022-02-01T18:46:00,0.0
CRS143175,Course 35,6,TSKEE6E76,Resource 2 for Course 35,True,2022-02-01T11:04:00,0.0
CRS143175,Course 35,6,TSK1B1527,Task 3 for Course 35,False,2022-05-02T13:25:00,1.0
CRSCB3501,Course 36,9,TSK91ED94,Resource 1 for Course 36,True,2020-09-01T16:44:00,0.0
CRSCB3501,Course 36,9,TSKF1B66B,Task 2 for Course 36,False,2020-10-11T16:04:00,0.5137
CRSCB3501,Course 36,9,TSK56B38E,Resource 3 for Course 36,True,2020-10-11T12:05:00,0.0
CRSCB3501,Course 36,9,TSK73D2F3,Task 4 for Course 36,False,2020-11-20T11:53:00,0.4863
CRSCB3501,Course 36,9,TSK7BF142,Resource 5 for Course 36,True,2020-11-20T17:41:00,0.0
CRS600B87,Course 37,9,TSK5B6594,Resource 1 for Course 37,True,2021-02-01T13:25:00,0.0
CRS600B87,Course 37,9,TSK50BE99,Task 2 for Course 37,False,2021-03-07T17:22:00,1.0
CRS600B87,Course 37,9,TSKEA203F,Resource 3 for Course 37,True,2021-03-03T12:18:00,0.0
CRS600B87,Course 37,9,TSKADD032,Resource 4 for Course 37,True,2021-03-03T14:50:00,0.0
CRS600B87,Course 37,9,TSK4FE323,Resource 5 for Course 37,True,2021-04-02T12:53:00,0.0
CRS600B87,Course 37,9,TSKC333DF,Resource 6 for Course 37,True,2021-04-02T09:05:00,0.0
CRS514C5B,Course 38,3,TSKC5FD9B,Task 1 for Course 38,False,2022-09-18T09:35:00,0.983
CRS514C5B,Course 38,3,TSK5C5383,Resource 2 for Course 38,True,2022-09-01T16:56:00,0.0
CRS514C5B,Course 38,3,TSK7CF990,Task 3 for Course 38,False,2022-10-22T23:48:00,0.017
CRS514C5B,Course 38,3,TSKBF677D,Resource 4 for Course 38,True,2022-10-01T13:44:00,0.0
CRS514C5B,Course 38,3,TSK315899,Resource 5 for Course 38,True,2022-10-31T14:12:00,0.0
CRS514C5B,Course 38,3,TSKB07944,Resource 6 for Course 38,True,2022-10-31T16:22:00,0.0
CRS084383,Course 39,9,TSK00B7E6,Resource 1 for Course 39,True,2021-02-01T13:52:00,0.0
CRS084383,Course 39,9,TSK5EC8DA,Task 2 for Course 39,False,2021-03-07T20:39:00,1.0
CRS084383,Course 39,9,TSK2752A1,Resource 3 for Course 39,True,2021-03-03T15:00:00,0.0
CRS084383,Course 39,9,TSK6407E0,Resource 4 for Course 39,True,2021-03-03T17:09:00,0.0
CRS084383,Course 39,9,TSKB1B881,Resource 5 for Course 39,True,2021-04-02T13:49:00,0.0
CRS084383,Course 39,9,TSKBBAA8E,Resource 6 for Course 39,True,2021-04-02T15:07:00,0.0
CRS2279A6,Course 40,5,TSKB3A81E,Resource 1 for Course 40,True,2021-09-01T11:22:00,0.0
CRS2279A6,Course 40,5,TSK21A043,Resource 2 for Course 40,True,2021-09-01T13:25:00,0.0
CRS2279A6,Course 40,5,TSK6F92C7,Resource 3 for Course 40,True,2021-10-31T13:54:00,0.0
CRS162E14,Course 41,3,TSK578E47,Resource 1 for Course 41,True,2020-02-01T11:27:00,0.0
CRS162E14,Course 41,3,TSK085945,Resource 2 for Course 41,True,2020-02-01T10:30:00,0.0
CRS162E14,Course 41,3,TSK306CFA,Task 3 for Course 41,False,2020-05-01T15:11:00,1.0
CRS1F1B36,Course 42,5,TSKD9ED47,Task 1 for Course 42,False,2022-09-16T20:17:00,0.2855
CRS1F1B36,Course 42,5,TSK493C37,Task 2 for Course 42,False,2022-10-01T23:55:00,0.1257
CRS1F1B36,Course 42,5,TSKCBCCAE,Resource 3 for Course 42,True,2022-10-01T14:52:00,0.0
CRS1F1B36,Course 42,5,TSKB9A1DD,Task 4 for Course 42,False,2022-10-31T09:07:00,0.3131
CRS1F1B36,Course 42,5,TSKCAA7AD,Resource 5 for Course 42,True,2022-10-31T12:38:00,0.0
CRS1F1B36,Course 42,5,TSK47C925,Task 6 for Course 42,False,2022-11-30T15:52:00,0.2757
CRS1F1B36,Course 42,5,TSK675229,Resource 7 for Course 42,True,2022-11-30T14:06:00,0.0
CRS10D353,Course 43,5,TSK2DEE06,Task 1 for Course 43,False,2020-03-02T12:30:00,1.0
CRS10D353,Course 43,5,TSK094F29,Resource 2 for Course 43,True,2020-02-01T12:04:00,0.0
CRS10D353,Course 43,5,TSK752D5B,Resource 3 for Course 43,True,2020-04-01T16:18:00,0.0
CRS9659CE,Course 44,3,TSKF3784A,Resource 1 for Course 44,True,2020-02-01T10:22:00,0.0
CRS9659CE,Course 44,3,TSK130820,Resource 2 for Course 44,True,2020-02-01T16:56:00,0.0
CRS9659CE,Course 44,3,TSK6CE346,Resource 3 for Course 44,True,2020-04-01T17:05:00,0.0
CRS7BD731,Course 45,9,TSK04D395,Task 1 for Course 45,False,2020-09-16T18:25:00,1.0
CRS7BD731,Course 45,9,TSK1CA64F,Resource 2 for Course 45,True,2020-09-01T13:23:00,0.0
CRS7BD731,Course 45,9,TSKD9D6CA,Resource 3 for Course 45,True,2020-10-01T10:49:00,0.0
CRS7BD731,Course 45,9,TSKA5F868,Resource 4 for Course 45,True,2020-10-01T11:25:00,0.0
CRS7BD731,Course 45,9,TSKF02B59,Resource 5 for Course 45,True,2020-10-31T13:55:00,0.0
CRS7BD731,Course 45,9,TSK7D7C80,Resource 6 for Course 45,True,2020-10-31T11:02:00,0.0
CRS7BD731,Course 45,9,TSKD90A98,Resource 7 for Course 45,True,2020-11-30T17:54:00,0.0
CRSA0DDEE,Course 46,6,TSKA34C0E,Task 1 for Course 46,False,2021-12-14T23:52:00,1.0
CRSA0DDEE,Course 46,6,TSK35B126,Resource 2 for Course 46,True,2021-12-08T16:55:00,0.0
CRSA0DDEE,Course 46,6,TSK00EF97,Resource 3 for Course 46,True,2021-12-18T09:29:00,0.0
CRSA0DDEE,Course 46,6,TSK0068AB,Resource 4 for Course 46,True,2021-12-18T12:16:00,0.0
CRS7A2125,Course 47,10,TSK31C538,Resource 1 for Course 47,True,2020-09-01T11:27:00,0.0
CRS7A2125,Course 47,10,TSK521615,Task 2 for Course 47,False,2020-10-19T17:40:00,1.0
CRS7A2125,Course 47,10,TSKF722B7,Resource 3 for Course 47,True,2020-10-11T15:52:00,0.0
CRS7A2125,Course 47,10,TSK3A4E2D,Resource 4 for Course 47,True,2020-10-11T09:53:00,0.0
CRSCE5269,Course 48,10,TSKA5BD46,Resource 1 for Course 48,True,2021-02-01T14:06:00,0.0
CRSCE5269,Course 48,10,TSK0192BD,Resource 2 for Course 48,True,2021-02-01T13:40:00,0.0
CRSCE5269,Course 48,10,TSKFF3A92,Resource 3 for Course 48,True,2021-02-25T10:48:00,0.0
CRSCE5269,Course 48,10,TSK73FBF1,Resource 4 for Course 48,True,2021-02-25T12:07:00,0.0
CRSCE5269,Course 48,10,TSKF7725F,Resource 5 for Course 48,True,2021-03-21T12:35:00,0.0
CRSCE5269,Course 48,10,TSKDFB888,Resource 6 for Course 48,True,2021-03-21T15:07:00,0.0
CRSCE5269,Course 48,10,TSK7D5BCB,Resource 7 for Course 48,True,2021-04-14T18:53:00,0.0
CRSCE5269,Course 48,10,TSK45CE20,Resource 8 for Course 48,True,2021-04-14T12:03:00,0.0
CRSA196A8,Course 49,6,TSK3270D6,Task 1 for Course 49,False,2023-02-25T14:28:00,0.6322
CRSA196A8,Course 49,6,TSKC1A509,Task 2 for Course 49,False,2023-03-21T23:38:00,0.0606
CRSA196A8,Course 49,6,TSK548FB2,Resource 3 for Course 49,True,2023-03-13T13:50:00,0.0
CRSA196A8,Course 49,6,TSK04251D,Task 4 for Course 49,False,2023-05-08T10:11:00,0.3072
CRSDC34F7,Course 50,3,TSK9DC9AC,Resource 1 for Course 50,True,2021-12-16T11:14:00,0.0
CRSDC34F7,Course 50,3,TSK79CB87,Resource 2 for Course 50,True,2021-12-16T10:31:00,0.0
CRSDC34F7,Course 50,3,TSKBE07CC,Task 3 for Course 50,False,2022-01-07T15:23:00,1.0
CRSBB7805,Course 51,9,TSK37B9E4,Resource 1 for Course 51,True,2021-02-01T16:04:00,0.0
CRSBB7805,Course 51,9,TSK76BBB0,Task 2 for Course 51,False,2021-03-13T15:07:00,1.0
CRSBB7805,Course 51,9,TSKC88882,Resource 3 for Course 51,True,2021-03-13T13:03:00,0.0
CRSBB7805,Course 51,9,TSK4BBE9B,Resource 4 for Course 51,True,2021-03-13T09:04:00,0.0
CRSBB7805,Course 51,9,TSK707B05,Resource 5 for Course 51,True,2021-04-22T09:01:00,0.0
CRS675703,Course 52,6,TSKED4838,Task 1 for Course 52,False,2020-02-21T15:33:00,1.0
CRS675703,Course 52,6,TSK7F1F17,Resource 2 for Course 52,True,2020-02-01T11:33:00,0.0
CRS675703,Course 52,6,TSK6804D4,Resource 3 for Course 52,True,2020-03-12T10:16:00,0.0
CRS675703,Course 52,6,TSK94F5A4,Resource 4 for Course 52,True,2020-03-12T12:57:00,0.0
CRS675703,Course 52,6,TSKEF946F,Resource 5 for Course 52,True,2020-04-21T16:01:00,0.0
CRSEE5AD8,Course 53,9,TSK4FC672,Resource 1 for Course 53,True,2020-02-01T18:06:00,0.0
CRSEE5AD8,Course 53,9,TSKF20049,Resource 2 for Course 53,True,2020-02-01T17:56:00,0.0
CRSEE5AD8,Course 53,9,TSK580DAB,Resource 3 for Course 53,True,2020-03-12T12:08:00,0.0
CRSEE5AD8,Course 53,9,TSKCF49D0,Resource 4 for Course 53,True,2020-03-12T10:07:00,0.0
CRSEE5AD8,Course 53,9,TSKDE2951,Resource 5 for Course 53,True,2020-04-21T12:32:00,0.0
CRS463762,Course 54,9,TSK9CEB66,Resource 1 for Course 54,True,2021-09-01T10:58:00,0.0
CRS463762,Course 54,9,TSK2A3527,Task 2 for Course 54,False,2021-10-05T19:24:00,0.8234
CRS463762,Course 54,9,TSK65E6CD,Task 3 for Course 54,False,2021-10-22T20:12:00,0.1766
CRS463762,Course 54,9,TSK7011E2,Resource 4 for Course 54,True,2021-10-01T16:09:00,0.0
CRS463762,Course 54,9,TSK9E1217,Resource 5 for Course 54,True,2021-10-31T10:52:00,0.0
CRS463762,Course 54,9,TSK7F3D59,Resource 6 for Course 54,True,2021-10-31T12:57:00,0.0
CRSD2ADD9,Course 55,5,TSKF81676,Task 1 for Course 55,False,2023-02-18T13:39:00,1.0
CRSD2ADD9,Course 55,5,TSKB5E9E1,Resource 2 for Course 55,True,2023-02-01T14:27:00,0.0
CRSD2ADD9,Course 55,5,TSK027DB2,Resource 3 for Course 55,True,2023-03-03T17:34:00,0.0
CRSD2ADD9,Course 55,5,TSK5DED65,Resource 4 for Course 55,True,2023-03-03T16:47:00,0.0
CRSD2ADD9,Course 55,5,TSKDDA824,Resource 5 for Course 55,True,2023-04-02T13:41:00,0.0
CRSD2ADD9,Course 55,5,TSKC6A291,Resource 6 for Course 55,True,2023-04-02T18:28:00,0.0
CRS30B676,Course 56,10,TSK799C30,Task 1 for Course 56,False,2022-04-16T13:15:00,0.2046
CRS30B676,Course 56,10,TSKC67AAB,Task 2 for Course 56,False,2022-04-21T20:49:00,0.4538
CRS30B676,Course 56,10,TSK3CF659,Task 3 for Course 56,False,2022-04-26T08:05:00,0.3416
CRS30B676,Course 56,10,TSK5E5492,Resource 4 for Course 56,True,2022-04-21T13:15:00,0.0
CRS30B676,Course 56,10,TSK3A3096,Resource 5 for Course 56,True,2022-05-01T12:49:00,0.0
CRS767056,Course 57,9,TSK353711,Resource 1 for Course 57,True,2022-09-01T09:17:00,0.0
CRS767056,Course 57,9,TSK596827,Resource 2 for Course 57,True,2022-09-01T09:28:00,0.0
CRS767056,Course 57,9,TSK5705CA,Resource 3 for Course 57,True,2022-10-11T11:38:00,0.0
CRS767056,Course 57,9,TSK80B2C3,Task 4 for Course 57,False,2022-12-06T14:06:00,1.0
CRS4AFD79,Course 58,6,TSKF703CF,Resource 1 for Course 58,True,2020-08-03T11:32:00,0.0
CRS4AFD79,Course 58,6,TSK6172CC,Task 2 for Course 58,False,2020-08-09T14:20:00,1.0
CRS4AFD79,Course 58,6,TSK5305B5,Resource 3 for Course 58,True,2020-08-09T11:52:00,0.0
CRS4AFD79,Course 58,6,TSK9B4293,Resource 4 for Course 58,True,2020-08-09T13:55:00,0.0
CRS4AFD79,Course 58,6,TSK2431BD,Resource 5 for Course 58,True,2020-08-15T11:23:00,0.0
CRS4AFD79,Course 58,6,TSK014A66,Resource 6 for Course 58,True,2020-08-15T13:19:00,0.0
CRS4AFD79,Course 58,6,TSK344B07,Resource 7 for Course 58,True,2020-08-21T10:11:00,0.0
CRS4AFD79,Course 58,6,TSK3E1E57,Resource 8 for Course 58,True,2020-08-21T15:58:00,0.0
CRS87F489,Course 59,5,TSK2F3CAA,Resource 1 for Course 59,True,2022-09-01T18:03:00,0.0
CRS87F489,Course 59,5,TSKCC6469,Resource 2 for Course 59,True,2022-09-01T12:37:00,0.0
CRS87F489,Course 59,5,TSKFA5852,Resource 3 for Course 59,True,2022-09-25T15:36:00,0.0
CRS87F489,Course 59,5,TSK2585EC,Task 4 for Course 59,False,2022-10-24T08:56:00,0.5065
CRS87F489,Course 59,5,TSKA082A4,Resource 5 for Course 59,True,2022-10-19T17:42:00,0.0
CRS87F489,Course 59,5,TSKE8A947,Task 6 for Course 59,False,2022-11-20T22:53:00,0.4935
CRS87F489,Course 59,5,TSK1971DA,Resource 7 for Course 59,True,2022-11-12T16:25:00,0.0
CRS87F489,Course 59,5,TSKAE172B,Resource 8 for Course 59,True,2022-11-12T18:39:00,0.0
CRS410006,Course 60,10,TSK0D2FF3,Resource 1 for Course 60,True,2023-02-01T10:17:00,0.0
CRS410006,Course 60,10,TSK9E1F48,Resource 2 for Course 60,True,2023-02-01T15:59:00,0.0
CRS410006,Course 60,10,TSK856CE8,Resource 3 for Course 60,True,2023-03-03T13:10:00,0.0
CRS410006,Course 60,10,TSKBEB84F,Resource 4 for Course 60,True,2023-03-03T18:18:00,0.0
CRS410006,Course 60,10,TSKEBED3F,Resource 5 for Course 60,True,2023-04-02T15:44:00,0.0
CRS410006,Course 60,10,TSK25063A,Resource 6 for Course 60,True,2023-04-02T15:46:00,0.0
CRS8B4602,Course 61,10,TSK97DF81,Resource 1 for Course 61,True,2021-10-13T15:13:00,0.0
CRS8B4602,Course 61,10,TSK5D764C,Task 2 for Course 61,False,2021-10-19T14:15:00,0.0921
CRS8B4602,Course 61,10,TSKA0B4BF,Task 3 for Course 61,False,2021-10-23T15:12:00,0.1018
CRS8B4602,Course 61,10,TSK5D1C08,Resource 4 for Course 61,True,2021-10-19T17:11:00,0.0
CRS8B4602,Course 61,10,TSKD150B1,Task 5 for Course 61,False,2021-10-29T17:24:00,0.5696
CRS8B4602,Course 61,10,TSK1EBAC6,Resource 6 for Course 61,True,2021-10-25T18:46:00,0.0
CRS8B4602,Course 61,10,TSKECDFBA,Resource 7 for Course 61,True,2021-10-31T12:49:00,0.0
CRS8B4602,Course 61,10,TSK1F08D2,Task 8 for Course 61,False,2021-11-08T13:54:00,0.2365
CRS3C6225,Course 62,9,TSK80039C,Resource 1 for Course 62,True,2023-03-27T10:20:00,0.0
CRS3C6225,Course 62,9,TSKFDD013,Task 2 for Course 62,False,2023-04-11T09:27:00,1.0
CRS3C6225,Course 62,9,TSKE6E77D,Resource 3 for Course 62,True,2023-04-11T11:01:00,0.0
CRS388D39,Course 63,10,TSK22DC23,Resource 1 for Course 63,True,2023-03-04T17:26:00,0.0
CRS388D39,Course 63,10,TSKD4B385,Resource 2 for Course 63,True,2023-03-04T11:07:00,0.0
CRS388D39,Course 63,10,TSKCBFEE0,Resource 3 for Course 63,True,2023-03-19T15:20:00,0.0
CRS9539CF,Course 64,10,TSK5631D1,Resource 1 for Course 64,True,2020-11-16T18:33:00,0.0
CRS9539CF,Course 64,10,TSKBE6E95,Resource 2 for Course 64,True,2020-11-16T15:37:00,0.0
CRS9539CF,Course 64,10,TSKD8CEF6,Resource 3 for Course 64,True,2020-11-26T15:21:00,0.0
CRS9539CF,Course 64,10,TSK1132B1,Resource 4 for Course 64,True,2020-11-26T16:10:00,0.0
CRS9539CF,Course 64,10,TSK860F16,Resource 5 for Course 64,True,2020-12-06T12:33:00,0.0
CRSE1C7E4,Course 65,9,TSKF33A33,Task 1 for Course 65,False,2023-09-14T17:05:00,0.9749
CRSE1C7E4,Course 65,9,TSK8B2A5D,Resource 2 for Course 65,True,2023-09-01T13:59:00,0.0
CRSE1C7E4,Course 65,9,TSK0876D4,Task 3 for Course 65,False,2023-10-11T18:26:00,0.0251
CRSE1C7E4,Course 65,9,TSKDB1A1D,Resource 4 for Course 65,True,2023-09-25T13:53:00,0.0
CRSE1C7E4,Course 65,9,TSK1E0EE8,Resource 5 for Course 65,True,2023-10-19T16:42:00,0.0
CRSE1C7E4,Course 65,9,TSK60C101,Resource 6 for Course 65,True,2023-10-19T09:00:00,0.0
CRSE1C7E4,Course 65,9,TSK706D3A,Resource 7 for Course 65,True,2023-11-12T09:53:00,0.0
CRSE1C7E4,Course 65,9,TSKE515E8,Resource 8 for Course 65,True,2023-11-12T17:02:00,0.0
CRSF9C5A8,Course 66,5,TSK877EEB,Resource 1 for Course 66,True,2021-12-26T18:22:00,0.0
CRSF9C5A8,Course 66,5,TSKE9FC18,Resource 2 for Course 66,True,2021-12-26T17:21:00,0.0
CRSF9C5A8,Course 66,5,TSKE0FB38,Resource 3 for Course 66,True,2022-01-05T10:20:00,0.0
CRSF9C5A8,Course 66,5,TSKB983DC,Resource 4 for Course 66,True,2022-01-05T18:33:00,0.0
CRSF9C5A8,Course 66,5,TSK71BB1A,Resource 5 for Course 66,True,2022-01-15T11:09:00,0.0
CRS5A5DC7,Course 67,3,TSK3FB505,Task 1 for Course 67,False,2021-09-21T16:37:00,0.5386
CRS5A5DC7,Course 67,3,TSKF7DB5A,Resource 2 for Course 67,True,2021-09-01T17:24:00,0.0
CRS5A5DC7,Course 67,3,TSKB7D69B,Resource 3 for Course 67,True,2021-10-11T10:26:00,0.0
CRS5A5DC7,Course 67,3,TSKD3336E,Task 4 for Course 67,False,2021-11-20T10:54:00,0.4614
CRS5A5DC7,Course 67,3,TSKA774F3,Resource 5 for Course 67,True,2021-11-20T18:19:00,0.0
CRS1B2A91,Course 68,10,TSK71F399,Resource 1 for Course 68,True,2023-02-01T09:39:00,0.0
CRS1B2A91,Course 68,10,TSK0D9854,Resource 2 for Course 68,True,2023-02-01T14:16:00,0.0
CRS1B2A91,Course 68,10,TSK6A2373,Task 3 for Course 68,False,2023-03-13T10:23:00,0.2753
CRS1B2A91,Course 68,10,TSK7BF1F6,Task 4 for Course 68,False,2023-03-26T19:25:00,0.0526
CRS1B2A91,Course 68,10,TSK8D11D0,Task 5 for Course 68,False,2023-04-08T10:36:00,0.0052
CRS1B2A91,Course 68,10,TSK6E28FC,Task 6 for Course 68,False,2023-04-22T18:56:00,0.0637
CRS1B2A91,Course 68,10,TSK1813A7,Task 7 for Course 68,False,2023-05-05T13:06:00,0.146
CRS1B2A91,Course 68,10,TSKD5C530,Task 8 for Course 68,False,2023-05-18T23:54:00,0.4572
CRSDF408F,Course 69,3,TSK369729,Task 1 for Course 69,False,2022-01-18T16:59:00,0.1695
CRSDF408F,Course 69,3,TSK20B94A,Resource 2 for Course 69,True,2022-01-15T11:45:00,0.0
CRSDF408F,Course 69,3,TSKB21E6B,Resource 3 for Course 69,True,2022-01-22T15:42:00,0.0
CRSDF408F,Course 69,3,TSK528822,Task 4 for Course 69,False,2022-01-30T23:43:00,0.1163
CRSDF408F,Course 69,3,TSK23B115,Resource 5 for Course 69,True,2022-01-29T13:14:00,0.0
CRSDF408F,Course 69,3,TSKE5DE20,Resource 6 for Course 69,True,2022-01-29T14:12:00,0.0
CRSDF408F,Course 69,3,TSK2AEDAD,Task 7 for Course 69,False,2022-02-10T09:20:00,0.7142
CRS873520,Course 70,10,TSKCB2062,Task 1 for Course 70,False,2020-07-13T16:13:00,0.1817
CRS873520,Course 70,10,TSK441260,Resource 2 for Course 70,True,2020-07-07T14:41:00,0.0
CRS873520,Course 70,10,TSK376D8C,Task 3 for Course 70,False,2020-07-25T13:30:00,0.8183
CRS873520,Course 70,10,TSK9E74B8,Resource 4 for Course 70,True,2020-07-17T17:07:00,0.0
CRS64A185,Course 71,3,TSK27E3E3,Resource 1 for Course 71,True,2024-02-01T17:32:00,0.0
CRS64A185,Course 71,3,TSKACBC86,Task 2 for Course 71,False,2024-03-12T09:54:00,0.9254
CRS64A185,Course 71,3,TSKAC9A4A,Resource 3 for Course 71,True,2024-03-12T18:39:00,0.0
CRS64A185,Course 71,3,TSK380CC8,Task 4 for Course 71,False,2024-04-21T09:56:00,0.0746
CRS64A185,Course 71,3,TSKA4F488,Resource 5 for Course 71,True,2024-04-21T15:22:00,0.0
CRSDD8532,Course 72,5,TSKCE0455,Resource 1 for Course 72,True,2024-02-01T17:03:00,0.0
CRSDD8532,Course 72,5,TSKD1D125,Resource 2 for Course 72,True,2024-02-01T11:31:00,0.0
CRSDD8532,Course 72,5,TSK1A9E68,Resource 3 for Course 72,True,2024-03-02T17:27:00,0.0
CRSDD8532,Course 72,5,TSK2AE6BB,Resource 4 for Course 72,True,2024-03-02T11:33:00,0.0
CRSDD8532,Course 72,5,TSK29479F,Task 5 for Course 72,False,2024-04-16T18:53:00,1.0
CRSDD8532,Course 72,5,TSK93DA0F,Resource 6 for Course 72,True,2024-04-01T15:36:00,0.0
CRSDD8532,Course 72,5,TSK7EFDB5,Resource 7 for Course 72,True,2024-05-01T09:54:00,0.0
CRSCCEF31,Course 73,3,TSK1413BA,Resource 1 for Course 73,True,2024-02-01T10:40:00,0.0
CRSCCEF31,Course 73,3,TSKACBE30,Resource 2 for Course 73,True,2024-02-01T10:46:00,0.0
CRSCCEF31,Course 73,3,TSK1D3B14,Task 3 for Course 73,False,2024-04-13T15:31:00,1.0
CRSCCEF31,Course 73,3,TSKB4E925,Resource 4 for Course 73,True,2024-03-12T09:01:00,0.0
CRSABDECA,Course 74,6,TSK2D85BB,Resource 1 for Course 74,True,2022-09-01T12:46:00,0.0
CRSABDECA,Course 74,6,TSKCB1702,Task 2 for Course 74,False,2022-10-19T15:50:00,1.0
CRSABDECA,Course 74,6,TSKEE165C,Resource 3 for Course 74,True,2022-10-11T18:59:00,0.0
CRSABDECA,Course 74,6,TSK042104,Resource 4 for Course 74,True,2022-10-11T17:48:00,0.0
CRS53090E,Course 75,5,TSK658655,Resource 1 for Course 75,True,2021-12-27T13:43:00,0.0
CRS53090E,Course 75,5,TSK8CB8C3,Resource 2 for Course 75,True,2021-12-27T12:29:00,0.0
CRS53090E,Course 75,5,TSK23F83B,Resource 3 for Course 75,True,2022-01-03T18:32:00,0.0
CRS53090E,Course 75,5,TSKB6D759,Resource 4 for Course 75,True,2022-01-03T13:49:00,0.0
CRS53090E,Course 75,5,TSKAF3099,Resource 5 for Course 75,True,2022-01-10T18:08:00,0.0
CRS53090E,Course 75,5,TSKDD2B8C,Resource 6 for Course 75,True,2022-01-10T17:36:00,0.0
CRS53090E,Course 75,5,TSK2E3433,Resource 7 for Course 75,True,2022-01-17T17:42:00,0.0
CRS75AB80,Course 76,3,TSK542B1C,Resource 1 for Course 76,True,2021-02-01T09:58:00,0.0
CRS75AB80,Course 76,3,TSK203B4C,Resource 2 for Course 76,True,2021-02-01T16:59:00,0.0
CRS75AB80,Course 76,3,TSK16BDD5,Resource 3 for Course 76,True,2021-03-13T18:51:00,0.0
CRS75AB80,Course 76,3,TSKD8D10B,Resource 4 for Course 76,True,2021-03-13T15:45:00,0.0
CRS75AB80,Course 76,3,TSK2254B9,Resource 5 for Course 76,True,2021-04-22T15:28:00,0.0
CRS3610A2,Course 77,10,TSK56E88C,Resource 1 for Course 77,True,2021-02-01T09:14:00,0.0
CRS3610A2,Course 77,10,TSKBE56D3,Resource 2 for Course 77,True,2021-02-01T18:24:00,0.0
CRS3610A2,Course 77,10,TSKAD4731,Resource 3 for Course 77,True,2021-03-03T16:46:00,0.0
CRS3610A2,Course 77,10,TSK0ED227,Resource 4 for Course 77,True,2021-03-03T16:06:00,0.0
CRS3610A2,Course 77,10,TSKBED341,Resource 5 for Course 77,True,2021-04-02T12:29:00,0.0
CRS3610A2,Course 77,10,TSKC8D5E7,Resource 6 for Course 77,True,2021-04-02T11:58:00,0.0
CRS3610A2,Course 77,10,TSK143FAF,Resource 7 for Course 77,True,2021-05-02T12:40:00,0.0
CRS4486A7,Course 78,5,TSKE874BB,Resource 1 for Course 78,True,2023-08-09T14:01:00,0.0
CRS4486A7,Course 78,5,TSK2D285D,Resource 2 for Course 78,True,2023-08-09T14:51:00,0.0
CRS4486A7,Course 78,5,TSK23A213,Resource 3 for Course 78,True,2023-08-24T09:08:00,0.0
CRSC4CA25,Course 79,6,TSK7A4BAF,Task 1 for Course 79,False,2021-11-19T09:30:00,0.6001
CRSC4CA25,Course 79,6,TSKF3B6AB,Task 2 for Course 79,False,2021-11-23T09:11:00,0.063
CRSC4CA25,Course 79,6,TSK4A3F60,Resource 3 for Course 79,True,2021-11-22T09:29:00,0.0
CRSC4CA25,Course 79,6,TSKDAA7FD,Resource 4 for Course 79,True,2021-11-22T10:10:00,0.0
CRSC4CA25,Course 79,6,TSK3E1ED5,Task 5 for Course 79,False,2021-12-06T10:25:00,0.3369
CRSC4CA25,Course 79,6,TSK4F5541,Resource 6 for Course 79,True,2021-11-29T13:50:00,0.0
CRS5227CE,Course 80,3,TSK348F87,Resource 1 for Course 80,True,2021-09-01T10:50:00,0.0
CRS5227CE,Course 80,3,TSK5CEFA7,Resource 2 for Course 80,True,2021-09-01T18:56:00,0.0
CRS5227CE,Course 80,3,TSK8AAB75,Resource 3 for Course 80,True,2021-09-25T15:54:00,0.0
CRS5227CE,Course 80,3,TSK823B8B,Resource 4 for Course 80,True,2021-09-25T09:14:00,0.0
CRS5227CE,Course 80,3,TSKCB81CC,Task 5 for Course 80,False,2021-11-06T10:23:00,1.0
CRS5227CE,Course 80,3,TSK386243,Resource 6 for Course 80,True,2021-10-19T12:55:00,0.0
CRS5227CE,Course 80,3,TSKF1E5AC,Resource 7 for Course 80,True,2021-11-12T13:59:00,0.0
CRS5227CE,Course 80,3,TSK442AD4,Resource 8 for Course 80,True,2021-11-12T10:13:00,0.0
CRS42FB5E,Course 81,10,TSKAEA446,Resource 1 for Course 81,True,2021-09-01T12:37:00,0.0
CRS42FB5E,Course 81,10,TSKAA2927,Resource 2 for Course 81,True,2021-09-01T18:09:00,0.0
CRS42FB5E,Course 81,10,TSKE634A1,Task 3 for Course 81,False,2021-10-31T16:24:00,1.0
CRS42FB5E,Course 81,10,TSK006C51,Resource 4 for Course 81,True,2021-10-11T15:09:00,0.0
CRS42FB5E,Course 81,10,TSK16F935,Resource 5 for Course 81,True,2021-11-20T15:33:00,0.0
CRSC615BF,Course 82,10,TSK0CFA58,Task 1 for Course 82,False,2023-05-17T14:28:00,0.0172
CRSC615BF,Course 82,10,TSK6E8710,Task 2 for Course 82,False,2023-05-21T19:30:00,0.6403
CRSC615BF,Course 82,10,TSK22191B,Task 3 for Course 82,False,2023-05-25T16:01:00,0.3424
CRSC615BF,Course 82,10,TSKF0F95D,Resource 4 for Course 82,True,2023-05-21T11:48:00,0.0
CRSC615BF,Course 82,10,TSKAD69FE,Resource 5 for Course 82,True,2023-05-28T16:07:00,0.0
CRSC615BF,Course 82,10,TSKBE6713,Resource 6 for Course 82,True,2023-05-28T12:21:00,0.0
CRSC615BF,Course 82,10,TSK1BC699,Resource 7 for Course 82,True,2023-06-04T12:21:00,0.0
CRS446F01,Course 83,3,TSK559A7A,Resource 1 for Course 83,True,2023-09-01T11:19:00,0.0
CRS446F01,Course 83,3,TSK3D840D,Task 2 for Course 83,False,2023-10-01T17:48:00,1.0
CRS446F01,Course 83,3,TSK7A4EDC,Resource 3 for Course 83,True,2023-10-01T12:50:00,0.0
CRS446F01,Course 83,3,TSKD22262,Resource 4 for Course 83,True,2023-10-01T12:59:00,0.0
CRS446F01,Course 83,3,TSK96F18A,Resource 5 for Course 83,True,2023-10-31T12:04:00,0.0
CRS446F01,Course 83,3,TSK14E731,Resource 6 for Course 83,True,2023-10-31T14:40:00,0.0
CRS446F01,Course 83,3,TSK6AC346,Resource 7 for Course 83,True,2023-11-30T09:19:00,0.0
CRS088411,Course 84,9,TSK2E2100,Resource 1 for Course 84,True,2024-02-01T16:25:00,0.0
CRS088411,Course 84,9,TSK55E307,Resource 2 for Course 84,True,2024-02-01T18:19:00,0.0
CRS088411,Course 84,9,TSK1029C7,Resource 3 for Course 84,True,2024-03-02T16:28:00,0.0
CRS088411,Course 84,9,TSKD62C2B,Resource 4 for Course 84,True,2024-03-02T11:14:00,0.0
CRS088411,Course 84,9,TSKB28DDA,Resource 5 for Course 84,True,2024-04-01T14:34:00,0.0
CRS088411,Course 84,9,TSKEB8ECA,Task 6 for Course 84,False,2024-05-01T16:29:00,0.6248
CRS088411,Course 84,9,TSK64F8DB,Task 7 for Course 84,False,2024-05-16T13:27:00,0.3752
CRS63A4C9,Course 85,9,TSK13D42F,Resource 1 for Course 85,True,2022-07-03T15:35:00,0.0
CRS63A4C9,Course 85,9,TSKC5136E,Resource 2 for Course 85,True,2022-07-03T13:30:00,0.0
CRS63A4C9,Course 85,9,TSK346191,Task 3 for Course 85,False,2022-07-25T14:26:00,1.0
CRS7BF339,Course 86,6,TSKAF65B9,Resource 1 for Course 86,True,2023-02-01T13:54:00,0.0
CRS7BF339,Course 86,6,TSK47ECC1,Resource 2 for Course 86,True,2023-02-01T17:03:00,0.0
CRS7BF339,Course 86,6,TSKC0C255,Resource 3 for Course 86,True,2023-03-03T15:14:00,0.0
CRS7BF339,Course 86,6,TSK500075,Resource 4 for Course 86,True,2023-03-03T13:50:00,0.0
CRS7BF339,Course 86,6,TSKC1A938,Resource 5 for Course 86,True,2023-04-02T12:02:00,0.0
CRS7BF339,Course 86,6,TSK3B3D10,Resource 6 for Course 86,True,2023-04-02T17:27:00,0.0
CRS7BF339,Course 86,6,TSKB589A7,Resource 7 for Course 86,True,2023-05-02T16:29:00,0.0
CRS9E6805,Course 87,5,TSKA93A76,Resource 1 for Course 87,True,2020-02-01T18:41:00,0.0
CRS9E6805,Course 87,5,TSK498348,Task 2 for Course 87,False,2020-03-20T10:42:00,1.0
CRS9E6805,Course 87,5,TSK67E139,Resource 3 for Course 87,True,2020-03-12T18:27:00,0.0
CRS9E6805,Course 87,5,TSKB21574,Resource 4 for Course 87,True,2020-03-12T10:09:00,0.0
CRSEB447E,Course 88,9,TSK1DAF2E,Task 1 for Course 88,False,2020-03-06T15:37:00,1.0
CRSEB447E,Course 88,9,TSKE4E2B8,Resource 2 for Course 88,True,2020-03-02T17:54:00,0.0
CRSEB447E,Course 88,9,TSK00B8F7,Resource 3 for Course 88,True,2020-03-09T18:54:00,0.0
CRSEB447E,Course 88,9,TSK43FE12,Resource 4 for Course 88,True,2020-03-09T13:42:00,0.0
CRSEB447E,Course 88,9,TSKE8BFDF,Resource 5 for Course 88,True,2020-03-16T17:12:00,0.0
CRSEB447E,Course 88,9,TSKBE6789,Resource 6 for Course 88,True,2020-03-16T09:45:00,0.0
CRS08D714,Course 89,3,TSK0B55C7,Resource 1 for Course 89,True,2021-10-18T14:11:00,0.0
CRS08D714,Course 89,3,TSKF0C24B,Task 2 for Course 89,False,2021-10-30T16:45:00,0.854
CRS08D714,Course 89,3,TSKE5C6EC,Resource 3 for Course 89,True,2021-10-28T09:52:00,0.0
CRS08D714,Course 89,3,TSK260FAB,Task 4 for Course 89,False,2021-11-11T15:40:00,0.146
CRSF49A1E,Course 90,6,TSK575114,Resource 1 for Course 90,True,2023-11-22T11:17:00,0.0
CRSF49A1E,Course 90,6,TSKAD98F2,Task 2 for Course 90,False,2023-12-02T18:28:00,1.0
CRSF49A1E,Course 90,6,TSK82D745,Resource 3 for Course 90,True,2023-12-02T17:59:00,0.0
CRSF49A1E,Course 90,6,TSKEF143F,Resource 4 for Course 90,True,2023-12-02T12:13:00,0.0
CRSF49A1E,Course 90,6,TSKBBA0AA,Resource 5 for Course 90,True,2023-12-12T15:25:00,0.0
CRS6F5FBE,Course 91,9,TSK075D83,Resource 1 for Course 91,True,2022-09-01T12:33:00,0.0
CRS6F5FBE,Course 91,9,TSKF76D8C,Resource 2 for Course 91,True,2022-09-01T16:12:00,0.0
CRS6F5FBE,Course 91,9,TSKC49216,Task 3 for Course 91,False,2022-11-30T21:45:00,1.0
CRSC227CB,Course 92,5,TSK2E207F,Resource 1 for Course 92,True,2020-09-01T15:28:00,0.0
CRSC227CB,Course 92,5,TSK16CD83,Resource 2 for Course 92,True,2020-09-01T16:06:00,0.0
CRSC227CB,Course 92,5,TSK08FD45,Resource 3 for Course 92,True,2020-09-25T11:00:00,0.0
CRSC227CB,Course 92,5,TSK26476A,Resource 4 for Course 92,True,2020-09-25T11:14:00,0.0
CRSC227CB,Course 92,5,TSK43CDC7,Task 5 for Course 92,False,2020-11-06T13:45:00,0.5768
CRSC227CB,Course 92,5,TSKA626C4,Resource 6 for Course 92,True,2020-10-19T16:58:00,0.0
CRSC227CB,Course 92,5,TSK070903,Task 7 for Course 92,False,2020-12-03T13:30:00,0.4232
CRSC227CB,Course 92,5,TSK0B2B8C,Resource 8 for Course 92,True,2020-11-12T16:09:00,0.0
CRS090C5C,Course 93,3,TSK9E5DED,Resource 1 for Course 93,True,2021-02-01T11:54:00,0.0
CRS090C5C,Course 93,3,TSKEAD78A,Resource 2 for Course 93,True,2021-02-01T09:29:00,0.0
CRS090C5C,Course 93,3,TSK53CCA4,Resource 3 for Course 93,True,2021-03-13T15:33:00,0.0
CRS090C5C,Course 93,3,TSK39E331,Resource 4 for Course 93,True,2021-03-13T17:48:00,0.0
CRS619AF6,Course 94,10,TSKFC436B,Resource 1 for Course 94,True,2021-09-01T14:55:00,0.0
CRS619AF6,Course 94,10,TSK407335,Resource 2 for Course 94,True,2021-09-01T13:55:00,0.0
CRS619AF6,Course 94,10,TSK5E51CC,Resource 3 for Course 94,True,2021-10-31T15:44:00,0.0
CRS94D1D4,Course 95,9,TSK9AF289,Resource 1 for Course 95,True,2022-09-01T18:02:00,0.0
CRS94D1D4,Course 95,9,TSKCB89C8,Resource 2 for Course 95,True,2022-09-01T18:11:00,0.0
CRS94D1D4,Course 95,9,TSK8B2EE0,Task 3 for Course 95,False,2022-10-16T08:39:00,0.5191
CRS94D1D4,Course 95,9,TSK30035C,Resource 4 for Course 95,True,2022-10-01T12:46:00,0.0
CRS94D1D4,Course 95,9,TSK4538AC,Task 5 for Course 95,False,2022-11-15T09:38:00,0.0054
CRS94D1D4,Course 95,9,TSKFD317E,Task 6 for Course 95,False,2022-11-30T17:54:00,0.1154
CRS94D1D4,Course 95,9,TSK74B637,Task 7 for Course 95,False,2022-12-15T09:59:00,0.3601
CRS959160,Course 96,5,TSKF59C72,Resource 1 for Course 96,True,2024-02-01T15:34:00,0.0
CRS959160,Course 96,5,TSK15839C,Resource 2 for Course 96,True,2024-02-01T09:33:00,0.0
CRS959160,Course 96,5,TSK880806,Resource 3 for Course 96,True,2024-04-01T15:44:00,0.0
CRSE54826,Course 97,6,TSKD85543,Resource 1 for Course 97,True,2022-11-30T11:10:00,0.0
CRSE54826,Course 97,6,TSKAE8EF9,Resource 2 for Course 97,True,2022-11-30T09:02:00,0.0
CRSE54826,Course 97,6,TSK4C0C68,Resource 3 for Course 97,True,2022-12-15T15:05:00,0.0
CRS9A7763,Course 98,6,TSKCF5574,Resource 1 for Course 98,True,2024-02-01T14:13:00,0.0
CRS9A7763,Course 98,6,TSKB13F7D,Task 2 for Course 98,False,2024-03-06T15:11:00,1.0
CRS9A7763,Course 98,6,TSK9CC905,Resource 3 for Course 98,True,2024-03-02T09:45:00,0.0
CRS9A7763,Course 98,6,TSK78975E,Resource 4 for Course 98,True,2024-03-02T13:25:00,0.0
CRS9A7763,Course 98,6,TSK2C2D82,Resource 5 for Course 98,True,2024-04-01T10:55:00,0.0
CRS9A7763,Course 98,6,TSK9FCEAE,Resource 6 for Course 98,True,2024-04-01T14:07:00,0.0
CRS7D6945,Course 99,10,TSK959948,Resource 1 for Course 99,True,2020-09-01T16:11:00,0.0
CRS7D6945,Course 99,10,TSK194A24,Resource 2 for Course 99,True,2020-09-01T18:42:00,0.0
CRS7D6945,Course 99,10,TSKFE0371,Resource 3 for Course 99,True,2020-10-01T15:20:00,0.0
CRS7D6945,Course 99,10,TSK80E4E0,Resource 4 for Course 99,True,2020-10-01T12:03:00,0.0
CRS7D6945,Course 99,10,TSK3708FF,Task 5 for Course 99,False,2020-11-25T15:59:00,1.0
CRS7D6945,Course 99,10,TSK6DC66D,Resource 6 for Course 99,True,2020-10-31T13:56:00,0.0
CRSB6F765,Course 100,5,TSK1058CD,Resource 1 for Course 100,True,2023-12-18T15:23:00,0.0
CRSB6F765,Course 100,5,TSKF53012,Resource 2 for Course 100,True,2023-12-18T16:45:00,0.0
CRSB6F765,Course 100,5,TSK0CE76E,Task 3 for Course 100,False,2023-12-28T19:25:00,0.2021
CRSB6F765,Course 100,5,TSKA8D870,Resource 4 for Course 100,True,2023-12-24T12:34:00,0.0
CRSB6F765,Course 100,5,TSKF26E44,Task 5 for Course 100,False,2024-01-03T19:29:00,0.459
CRSB6F765,Course 100,5,TSK2BC734,Resource 6 for Course 100,True,2023-12-30T16:05:00,0.0
CRSB6F765,Course 100,5,TSK1834A6,Task 7 for Course 100,False,2024-01-10T19:10:00,0.3388
CRSB6F765,Course 100,5,TSKE4B09F,Resource 8 for Course 100,True,2024-01-05T10:52:00,0.0
