student_id,course_id,final_mark
STU001C1A,CRS873520,75.55
STU004FF9,CRS283DC7,0.0
STU004FF9,CRS7BD731,85.0
STU00641A,CRSCCEF31,36.0
STU0065A7,CRS675703,49.0
STU0087E1,CRSB3DEC3,58.0
STU00B11A,CRS9A7763,12.0
STU00B11A,CRSCB3501,31.49
STU00BE80,CRS600B87,37.0
STU00E7DD,CRS8B4602,57.67
STU00ED27,CRS7A2125,43.0
STU012430,CRSE3C0B1,22.87
STU0166B3,CRS96D2A3,17.0
STU01670A,CRS873520,37.63
STU016E1C,CRS5227CE,92.0
STU01B68E,CRS6F5FBE,46.0
STU01B68E,CRSEB447E,61.0
STU01C612,CRSC9A6A0,37.0
STU01D3C6,CRS7BD731,98.0
STU01DD1B,CRSD2ADD9,57.0
STU01EAC9,CRS143175,83.0
STU01FB87,CRS30B676,15.37
STU0209EC,CRSD2ADD9,84.0
STU020C2A,CRSEB447E,73.0
STU021D00,CRS675703,0.0
STU025935,CRS088411,85.75
STU0281AF,CRS463762,0.0
STU029D42,CRS162E14,75.0
STU029D42,CRS446F01,88.0
STU02D1DC,CRSC9A6A0,31.0
STU02D4E3,CRSB6F765,60.98
STU02F850,CRS817AE2,79.23
STU030C9F,CRSDF408F,0.0
STU032906,CRSB6F765,0.0
STU0329F0,CRS8EFEEE,87.0
STU0336CC,CRSA196A8,71.96
STU033973,CRSB3DEC3,0.0
STU033973,CRSDC34F7,53.0
STU035F3C,CRS779DCE,83.59
STU039D87,CRSE4187D,39.0
STU03EC99,CRSE8DD32,36.81
STU04145F,CRSDD8532,15.0
STU041EAA,CRS283DC7,0.0
STU0421BC,CRSC615BF,0.0
STU04412F,CRSD2ADD9,21.0
STU0481BA,CRS675703,26.0
STU04A713,CRS0D0C93,56.84
STU04ACA7,CRS675703,74.0
STU04DB2B,CRS5227CE,0.0
STU05190B,CRS31CE5D,57.23
STU051E1E,CRS463762,44.65
STU0550F3,CRS0D0C93,0.0
STU055905,CRS64A185,78.45
STU0574A6,CRS9A7763,38.0
STU058DE5,CRS5808ED,66.0
STU059620,CRSC05DF7,11.03
STU05A561,CRSC4CA25,62.22
STU05B702,CRS89B8C7,0.0
STU05B702,CRS9A990D,83.0
STU05D8A8,CRSB3DEC3,40.0
STU064B87,CRS96D2A3,61.0
STU0654DC,CRS9A990D,100.0
STU0665E6,CRS7A2125,77.0
STU066F2E,CRS514C5B,66.97
STU069E5F,CRS6F5FBE,46.0
STU06B307,CRS817AE2,64.58
STU06B3C9,CRSC9A6A0,71.0
STU06C92E,CRSDD8532,76.0
STU07083B,CRS87F489,24.18
STU0750A3,CRSDF408F,86.0
STU0761F3,CRS501E44,21.03
STU077584,CRS96D2A3,82.0
STU078C32,CRS501E44,44.61
STU079801,CRS5A5DC7,42.31
STU07DE85,CRSBB7805,27.0
STU07DF48,CRSA0DDEE,0.0
STU07EFBD,CRSDD8532,45.0
STU081C58,CRS1B2A91,80.12
STU081EB3,CRSBB7805,68.0
STU083906,CRSABDECA,0.0
STU0866D5,CRS514C5B,65.29
STU08720F,CRS89B8C7,34.0
STU08720F,CRS94D1D4,76.7
STU08B476,CRS9A990D,0.0
STU08E1AC,CRS1B851A,0.0
STU08E37F,CRSDF408F,35.35
STU08FF4C,CRS50643A,4.26
STU090F15,CRS084383,39.0
STU0914D6,CRS084383,76.0
STU092DEE,CRS501E44,80.58
STU095D94,CRSB3DEC3,86.0
STU09660C,CRS446F01,0.0
STU0976A1,CRSC05DF7,88.91
STU097DD7,CRS0D0C93,13.17
STU097DD7,CRS1F1B36,21.63
STU098D98,CRS9A7763,0.0
STU099E08,CRS30B676,39.24
STU09C688,CRSBA7C05,51.1
STU09E354,CRS162E14,16.0
STU09E465,CRSC4CA25,25.45
STU09E91E,CRS7D6945,73.0
STU0A2230,CRS0D0C93,34.0
STU0A2230,CRS779DCE,48.65
STU0A258D,CRS0D0C93,44.67
STU0A2DCC,CRS9A990D,0.0
STU0A3BE5,CRS5A5DC7,43.85
STU0A679B,CRSE1C7E4,62.92
STU0A67BF,CRSA196A8,38.07
STU0A787E,CRS7BD731,43.0
STU0A82CF,CRS8EE952,88.23
STU0A8614,CRS779DCE,86.84
STU0AA214,CRSBA7C05,47.99
STU0ACF0F,CRSC227CB,48.77
STU0AD19D,CRSE3C0B1,93.4
STU0AED1D,CRS63A4C9,28.0
STU0B6717,CRSD2ADD9,97.0
STU0B9304,CRSDD8532,100.0
STU0B9532,CRS1B851A,45.0
STU0B9AEB,CRSBB7805,0.0
STU0BC68D,CRS779DCE,68.0
STU0BE4AE,CRSDC34F7,86.0
STU0C189C,CRSC9A6A0,74.0
STU0C220D,CRS779DCE,53.22
STU0C2C87,CRSE8DD32,52.26
STU0C48F1,CRS7BD731,20.0
STU0C4C51,CRS1B851A,73.0
STU0C52B9,CRS817AE2,87.23
STU0C72B3,CRS779DCE,69.95
STU0C8891,CRS10D353,52.0
STU0C89A0,CRSF49A1E,88.0
STU0C8B89,CRSC9A6A0,0.0
STU0C9625,CRSB6F765,76.55
STU0C9EF9,CRS600B87,11.0
STU0CEF6C,CRSE4187D,44.0
STU0D2B37,CRS8B4602,98.5
STU0D33B3,CRS7A2125,81.0
STU0D50C4,CRS6F5FBE,72.0
STU0D536C,CRS89B8C7,70.0
STU0D8247,CRS7D6945,24.0
STU0DAFD5,CRSA196A8,27.73
STU0DBD07,CRS446F01,81.0
STU0DC47C,CRS0D0C93,0.0
STU0E0219,CRS5227CE,77.0
STU0E1DC5,CRS42FB5E,0.0
STU0E35EB,CRS600B87,48.0
STU0E38DE,CRS0D0C93,48.25
STU0E38DE,CRSBA7C05,69.96
STU0E3B78,CRS7D6945,83.0
STU0E627F,CRS3C6225,54.0
STU0E8F6C,CRS7D6945,0.0
STU0E9E28,CRS446F01,81.0
STU0E9E28,CRS87F489,50.95
STU0EB630,CRS873520,17.64
STU0EDAB0,CRS1B851A,27.0
STU0F13B0,CRS9A7763,43.0
STU0F6ED6,CRS8EFEEE,17.0
STU0F781F,CRSC6B0E8,79.0
STU0F84B6,CRSA196A8,36.19
STU0F910F,CRSC9A6A0,52.0
STU0FAD41,CRSE4187D,37.0
STU0FD6DF,CRS446F01,50.0
STU0FD6DF,CRSBA7C05,8.32
STU100278,CRSF49A1E,48.0
STU1007CE,CRS088411,54.5
STU10395D,CRS4AFD79,73.0
STU107EDB,CRS600B87,0.0
STU1087A9,CRS10D353,52.0
STU108D31,CRS8EFEEE,91.0
STU10AE18,CRSC227CB,75.65
STU10AFE4,CRS50643A,81.75
STU10B1B2,CRS9E6805,26.0
STU10B372,CRS283DC7,95.0
STU10C4F3,CRS084383,28.0
STU10CFF3,CRSC615BF,67.97
STU11151B,CRS767056,75.0
STU112BAE,CRS600B87,31.0
STU1155C9,CRS50643A,0.0
STU115828,CRS501E44,38.03
STU115965,CRSABDECA,0.0
STU117631,CRS9A7763,26.0
STU11AB91,CRSF53779,0.0
STU11B451,CRS8EE952,46.89
STU11C88E,CRS5A5DC7,42.92
STU11E0E7,CRS675703,20.0
STU11E0E7,CRS767056,0.0
STU11E422,CRSE4187D,59.0
STU11FCFC,CRSCB3501,52.14
STU121849,CRS4AFD79,66.0
STU124094,CRSC615BF,71.83
STU12486B,CRS31CE5D,71.43
STU1251E5,CRS5A5DC7,56.84
STU12A381,CRS463762,81.76
STU12C490,CRSE8DD32,90.14
STU12E41E,CRS088411,31.25
STU130C67,CRS0D0C93,45.35
STU131EDC,CRS088411,40.38
STU1332FA,CRS9E6805,21.0
STU13A195,CRSB3DEC3,76.0
STU13A577,CRSE3C0B1,43.09
STU13B118,CRS873520,13.45
STU13CA82,CRSDC34F7,0.0
STU13E6BC,CRS5A5DC7,43.38
STU13FE86,CRS5808ED,44.0
STU13FE86,CRSDD8532,80.0
STU14057D,CRSCB3501,12.64
STU14194F,CRS3C6225,47.0
STU1429A4,CRSDF408F,71.33
STU142C27,CRSDC34F7,73.0
STU143AE0,CRS088411,18.74
STU1441C0,CRSD2ADD9,81.0
STU14561F,CRS30B676,0.0
STU14561F,CRS79BCC1,86.0
STU14891B,CRS8EFEEE,77.0
STU14AA3B,CRSBA7C05,14.95
STU14ADA4,CRS143175,0.0
STU14C3C4,CRS084383,89.0
STU14E106,CRS9E6805,59.0
STU1535CF,CRS162E14,51.0
STU153CA2,CRS89B8C7,0.0
STU15443D,CRSC615BF,56.96
STU154987,CRSE1C7E4,67.23
STU156575,CRS779DCE,73.25
STU158690,CRS3C6225,76.0
STU15A236,CRS3C6225,8.0
STU15A236,CRS42FB5E,0.0
STU15AA23,CRS767056,80.0
STU15BD75,CRSC6B0E8,0.0
STU15D29A,CRS7D6945,0.0
STU15D8AE,CRS87F489,62.14
STU15E81D,CRS50643A,53.73
STU15FD85,CRS501E44,95.83
STU160264,CRS9A7763,0.0
STU160325,CRS42FB5E,85.0
STU160325,CRS7BD731,58.0
STU16056F,CRS79BCC1,96.71
STU16150B,CRSEB447E,0.0
STU161510,CRSDD8532,49.0
STU162863,CRS30B676,63.15
STU164F09,CRS42FB5E,84.0
STU1666B6,CRSC9A6A0,100.0
STU16B0CB,CRS87F489,0.0
STU16C029,CRS0D0C93,40.03
STU170DCD,CRSF49A1E,64.0
STU1712BF,CRS3C6225,72.0
STU1712BF,CRSCCEF31,0.0
STU17276D,CRS8EE952,83.63
STU172F2D,CRS779DCE,76.37
STU175B6F,CRS30B676,75.19
STU175B6F,CRS5808ED,0.0
STU175F0F,CRS088411,15.5
STU1762F4,CRS7A2125,0.0
STU177A7C,CRSC6B0E8,32.0
STU178033,CRSA196A8,47.59
STU178329,CRSF53779,23.6
STU179B8C,CRS088411,13.51
STU17BF79,CRS08D714,61.49
STU17C82F,CRS283DC7,63.0
STU17C82F,CRS7A2125,94.0
STU17DA49,CRS463762,61.42
STU180B2D,CRSC615BF,61.15
STU180B2D,CRSE3C0B1,78.5
STU180F6A,CRS9A990D,84.0
STU18228D,CRS873520,0.0
STU188BE8,CRS446F01,44.0
STU188CC2,CRS79BCC1,44.71
STU18AC55,CRSA196A8,97.47
STU18C45E,CRS143175,79.0
STU18F74D,CRS162E14,0.0
STU192F26,CRS5808ED,78.0
STU194434,CRSF53779,79.73
STU196FB0,CRSBB7805,0.0
STU1980D1,CRSA196A8,12.64
STU1991FE,CRS8B4602,85.62
STU1994C2,CRSCCEF31,71.0
STU19B97F,CRS817AE2,76.07
STU19D6FC,CRS767056,80.0
STU19DE7B,CRS3C6225,62.0
STU19DEAB,CRSC05DF7,60.8
STU19EBAB,CRS89B8C7,58.0
STU1A18A7,CRS0D0C93,9.13
STU1A18FF,CRS8B4602,80.52
STU1A3851,CRS5A5DC7,77.54
STU1A3E21,CRS1B2A91,35.74
STU1A72EC,CRS7D6945,0.0
STU1A9877,CRS31CE5D,53.7
STU1AA06B,CRSF49A1E,82.0
STU1AAE14,CRS8EE952,16.76
STU1AB024,CRS50643A,58.52
STU1AB06B,CRS89B8C7,41.0
STU1AC01E,CRS8EFEEE,31.0
STU1B13BD,CRS088411,34.5
STU1B1677,CRS6F5FBE,52.0
STU1B4F19,CRSDD8532,73.0
STU1B5DBD,CRS9E6805,51.0
STU1B6127,CRSB3DEC3,78.0
STU1B663E,CRS94D1D4,25.18
STU1B8D42,CRS162E14,0.0
STU1B932A,CRS3C6225,0.0
STU1BA19D,CRSA0DDEE,94.0
STU1BA977,CRS10D353,87.0
STU1BD73F,CRSE3C0B1,68.69
STU1BED47,CRSC9A6A0,65.0
STU1BF59D,CRS779DCE,62.26
STU1C228F,CRS088411,6.5
STU1C22B8,CRS1B851A,64.0
STU1C3DA8,CRS501E44,0.0
STU1C3DA8,CRS5808ED,39.0
STU1C5A6E,CRS9E6805,27.0
STU1C61B8,CRSA196A8,0.0
STU1CC0D9,CRS1B851A,0.0
STU1CCD8D,CRS5808ED,99.0
STU1CD5A2,CRS9A7763,58.0
STU1CDA8F,CRSC4CA25,42.13
STU1D0B11,CRSABDECA,8.0
STU1D2399,CRS94D1D4,65.25
STU1D2B6C,CRS4AFD79,0.0
STU1D448A,CRS6F5FBE,63.0
STU1D448A,CRS79BCC1,0.0
STU1D5E64,CRSA0DDEE,0.0
STU1D6A49,CRSE1C7E4,97.9
STU1D94B3,CRS817AE2,47.07
STU1DC52E,CRSB3DEC3,96.0
STU1DC52E,CRSD2ADD9,95.0
STU1DCBAB,CRS50643A,70.63
STU1DD197,CRS779DCE,0.0
STU1DF99E,CRS64A185,56.76
STU1E2954,CRSBA7C05,63.24
STU1E33B4,CRS675703,23.0
STU1E6D2B,CRS1F1B36,52.87
STU1E9926,CRS87F489,0.0
STU1E9E37,CRSBA7C05,58.79
STU1ED501,CRS08D714,64.73
STU1F0C2F,CRS675703,47.0
STU1F1B25,CRS5A5DC7,67.31
STU1F2F4A,CRS8B4602,89.15
STU1F501E,CRSCB3501,86.57
STU1F6E70,CRS36A2D8,55.0
STU1F6E70,CRSA0DDEE,75.0
STU1F9712,CRS9A990D,72.0
STU1F9C7B,CRS63A4C9,0.0
STU1F9EB7,CRS143175,0.0
STU1F9EB7,CRS7BD731,0.0
STU1FA8A2,CRS8EFEEE,39.0
STU1FA950,CRS463762,97.88
STU1FAE4B,CRSF49A1E,50.0
STU1FBAA3,CRSF53779,53.55
STU1FD41C,CRSCCEF31,68.0
STU1FDC71,CRS9A990D,52.0
STU1FECA1,CRSDF408F,27.85
STU1FEED9,CRSC4CA25,32.79
STU1FF6F0,CRS42FB5E,79.0
STU200B95,CRS1B2A91,42.33
STU2027F9,CRS9A990D,32.0
STU203224,CRSB6F765,20.2
STU2040C9,CRS64A185,28.04
STU206595,CRS1F1B36,80.57
STU208C03,CRSDC34F7,56.0
STU2099EA,CRS7D6945,87.0
STU20ADFF,CRS8EFEEE,72.0
STU20B25F,CRS1F1B36,53.44
STU20B324,CRS50643A,89.12
STU20BB57,CRS4AFD79,50.0
STU20D5D3,CRS143175,84.0
STU20DFCD,CRS9A990D,35.0
STU212847,CRS143175,96.0
STU219735,CRS36A2D8,65.0
STU21A37F,CRS088411,68.37
STU21BBA7,CRS50643A,28.01
STU21CD82,CRS283DC7,84.0
STU21F115,CRS675703,99.0
STU22008D,CRS96D2A3,89.0
STU220A69,CRSC4CA25,0.0
STU221C2B,CRS1B851A,21.0
STU2234D8,CRS63A4C9,0.0
STU223893,CRS1B2A91,39.38
STU223C56,CRSE4187D,45.0
STU224472,CRS9A990D,39.0
STU224472,CRSDD8532,70.0
STU224C38,CRSE1C7E4,34.8
STU2270CB,CRS501E44,74.92
STU227B38,CRS675703,47.0
STU227B38,CRSCB3501,76.62
STU228C8E,CRSE4187D,0.0
STU22D6CF,CRS30B676,69.31
STU22D974,CRS817AE2,45.46
STU22F9B8,CRSCB3501,45.22
STU22FCD1,CRS50643A,68.54
STU230900,CRS767056,65.0
STU231C38,CRS767056,76.0
STU231CB6,CRSE8DD32,32.72
STU232488,CRS64A185,2.09
STU234CFC,CRSF49A1E,98.0
STU235773,CRS9A7763,64.0
STU235773,CRSC4CA25,45.52
STU23810A,CRSE4187D,0.0
STU23895E,CRS283DC7,29.0
STU23C44A,CRS31CE5D,79.13
STU23D411,CRS1B2A91,97.22
STU23DEA3,CRS36A2D8,0.0
STU23E845,CRSC615BF,76.33
STU23F667,CRS87F489,0.0
STU23F667,CRS9A7763,0.0
STU23F725,CRS10D353,24.0
STU240774,CRS10D353,48.0
STU240DF9,CRS600B87,65.0
STU2441D2,CRS31CE5D,59.92
STU244346,CRSA196A8,51.63
STU24455A,CRS9E6805,27.0
STU2452D3,CRS30B676,43.56
STU246BCB,CRSC227CB,65.0
STU246FEC,CRSABDECA,68.0
STU2470E0,CRS30B676,36.06
STU2470E0,CRS5227CE,85.0
STU2470E0,CRSA0DDEE,11.0
STU2476E5,CRSEB447E,41.0
STU247E29,CRS7A2125,67.0
STU2498D9,CRS63A4C9,67.0
STU249F3C,CRS8EE952,92.62
STU24A097,CRS088411,0.0
STU24B4A6,CRS5808ED,14.0
STU24D008,CRS1B2A91,36.65
STU24DCD6,CRS873520,88.36
STU250CE3,CRS7D6945,75.0
STU251AD1,CRSBB7805,96.0
STU252560,CRSA196A8,41.35
STU25293D,CRS5808ED,97.0
STU256302,CRS779DCE,59.27
STU2570A2,CRS9A7763,39.0
STU2570A2,CRSC4CA25,33.83
STU2572BA,CRS9A7763,60.0
STU2579E3,CRSC6B0E8,83.44
STU25957E,CRSB6F765,78.24
STU2597D4,CRS7A2125,93.0
STU25BAFC,CRSD2ADD9,0.0
STU25BD50,CRS1B851A,74.0
STU26012D,CRSEB447E,29.0
STU2606DD,CRS31CE5D,91.78
STU2609DC,CRS8EE952,52.4
STU2609DC,CRSDF408F,67.34
STU26133A,CRS1F1B36,64.76
STU26133A,CRSDC34F7,72.0
STU263B0A,CRS162E14,100.0
STU263EF2,CRS446F01,91.0
STU266498,CRS36A2D8,61.0
STU266498,CRS89B8C7,38.0
STU266601,CRS0D0C93,61.03
STU26873B,CRS36A2D8,58.0
STU26B1AA,CRS30B676,76.01
STU26B1AA,CRSEB447E,73.0
STU26B1E3,CRS7D6945,83.0
STU26E853,CRSE8DD32,84.5
STU26F815,CRSA196A8,57.75
STU26FD30,CRS42FB5E,22.0
STU270E2E,CRS446F01,72.0
STU2769DA,CRS767056,50.0
STU27754C,CRS5808ED,34.0
STU27D4AC,CRSCCEF31,82.0
STU27F113,CRS8EFEEE,61.0
STU280512,CRSF53779,84.57
STU284272,CRS6F5FBE,83.0
STU284272,CRS8EFEEE,90.0
STU289ED7,CRSA196A8,25.15
STU28B806,CRSDD8532,0.0
STU28C4B5,CRS1B851A,100.0
STU28D867,CRS8B4602,17.61
STU28EA35,CRS1B851A,48.0
STU28F473,CRSF49A1E,78.0
STU290099,CRS0D0C93,21.99
STU2942ED,CRSBB7805,40.0
STU2963CF,CRS9A990D,84.0
STU296994,CRSCCEF31,0.0
STU29954F,CRSABDECA,80.0
STU29A2D8,CRSEB447E,0.0
STU29A7D0,CRS30B676,96.93
STU29B0EF,CRSE4187D,28.0
STU29CB91,CRS31CE5D,30.31
STU29F068,CRS600B87,100.0
STU29FD69,CRS446F01,35.0
STU2A2466,CRS162E14,48.0
STU2A355A,CRS0D0C93,39.68
STU2A3B3C,CRS1F1B36,87.43
STU2A5C4D,CRS4AFD79,30.0
STU2A7FE3,CRSC227CB,0.0
STU2A8638,CRSC9A6A0,81.0
STU2A8EFA,CRSEB447E,92.0
STU2AA4CE,CRS42FB5E,20.0
STU2AD7AA,CRS5A5DC7,46.0
STU2AE269,CRS42FB5E,68.0
STU2B0DD3,CRS817AE2,79.35
STU2B0EFA,CRS8EE952,93.0
STU2B1E94,CRSBA7C05,67.57
STU2B5B07,CRSDD8532,0.0
STU2B8076,CRS446F01,84.0
STU2BACF4,CRSDF408F,37.39
STU2BDA58,CRS675703,48.0
STU2BE616,CRS1B2A91,93.73
STU2BF26B,CRS87F489,49.69
STU2BF7C3,CRS5808ED,0.0
STU2BFE6D,CRS873520,39.91
STU2C4758,CRSB3DEC3,63.0
STU2C52C2,CRSC9A6A0,60.0
STU2C657C,CRSC05DF7,79.46
STU2CB06F,CRSC227CB,79.27
STU2CB4AE,CRS63A4C9,40.0
STU2CC7F6,CRSDD8532,0.0
STU2CD60D,CRSE8DD32,0.0
STU2CED30,CRS767056,0.0
STU2D049E,CRS31CE5D,64.3
STU2D32B4,CRS7D6945,91.0
STU2D8DBD,CRS94D1D4,0.0
STU2DA4FB,CRSDF408F,98.57
STU2DB5AD,CRS9A990D,90.0
STU2DB6E7,CRSEB447E,62.0
STU2DBB23,CRS8EFEEE,55.0
STU2DD30E,CRS779DCE,67.0
STU2DE1B4,CRSB3DEC3,100.0
STU2DF204,CRSC05DF7,22.27
STU2E46C5,CRS5A5DC7,84.92
STU2E50A9,CRS31CE5D,72.74
STU2E5F8F,CRS767056,47.0
STU2E6210,CRSB3DEC3,61.0
STU2E782B,CRSDF408F,79.86
STU2E7AED,CRSA0DDEE,0.0
STU2E8F2B,CRS64A185,0.0
STU2E8F2B,CRS79BCC1,3.95
STU2ECA3F,CRSC05DF7,9.27
STU2ED24D,CRS63A4C9,38.0
STU2EE21E,CRS9E6805,78.0
STU2EEE7C,CRS8B4602,28.09
STU2EF512,CRSC9A6A0,0.0
STU2F0BEE,CRS9A7763,79.0
STU2F19AC,CRS9E6805,68.0
STU2F1A94,CRS0D0C93,57.67
STU2F5967,CRS5A5DC7,22.61
STU2F6954,CRSD2ADD9,73.0
STU2F79DF,CRS89B8C7,100.0
STU2F951F,CRS7A2125,76.0
STU2F9639,CRS5227CE,100.0
STU2F9836,CRSE8DD32,100.0
STU2FAB14,CRSDD8532,85.0
STU2FB855,CRSBA7C05,76.43
STU2FBAC4,CRSE8DD32,77.65
STU2FCF9E,CRSE4187D,20.0
STU2FE8BA,CRSB3DEC3,39.0
STU2FF0EA,CRSCB3501,46.49
STU3005C9,CRSD2ADD9,0.0
STU300B30,CRSA196A8,60.52
STU3032BE,CRSABDECA,43.0
STU304795,CRS084383,0.0
STU306F39,CRS31CE5D,69.95
STU3076BF,CRSE8DD32,61.81
STU309393,CRSB3DEC3,24.0
STU309842,CRS8B4602,7.8
STU30995A,CRSC615BF,59.62
STU30B431,CRS64A185,44.37
STU30B431,CRS9E6805,42.0
STU30B581,CRS4AFD79,55.0
STU30B786,CRS1B2A91,59.35
STU30D20A,CRSE4187D,40.0
STU30DB63,CRS514C5B,31.9
STU30F5D6,CRS817AE2,81.53
STU31096E,CRSC4CA25,56.89
STU310ADC,CRS1F1B36,57.02
STU31126E,CRS873520,36.46
STU316F88,CRS501E44,46.52
STU317290,CRSA0DDEE,0.0
STU317290,CRSCB3501,19.52
STU31745A,CRS3C6225,96.0
STU31745A,CRSDF408F,97.22
STU318CA7,CRS501E44,37.5
STU31A108,CRS817AE2,23.04
STU31B36A,CRS514C5B,5.17
STU31CA84,CRS8EE952,59.19
STU31FFB9,CRS675703,53.0
STU3204B0,CRS10D353,77.0
STU322BAF,CRSABDECA,23.0
STU323218,CRS873520,83.09
STU3256FA,CRS5808ED,23.0
STU32734D,CRSF49A1E,82.0
STU3298D8,CRS30B676,24.93
STU32B512,CRS6F5FBE,72.0
STU32D546,CRSBB7805,80.0
STU332250,CRSC4CA25,56.52
STU3329B5,CRS79BCC1,52.56
STU33A238,CRSB6F765,47.16
STU33C21B,CRS501E44,0.0
STU33C243,CRS7A2125,78.0
STU33D37F,CRS8B4602,89.01
STU33D95E,CRS50643A,87.56
STU33FD72,CRS10D353,48.0
STU340DE5,CRS3C6225,92.0
STU341455,CRS1B851A,93.0
STU341A37,CRSC05DF7,0.0
STU3421F2,CRS779DCE,92.53
STU343453,CRS7A2125,0.0
STU3441E5,CRSC9A6A0,57.0
STU344A10,CRS10D353,66.0
STU345960,CRSC615BF,23.51
STU345C51,CRSCB3501,25.29
STU34633A,CRS1B851A,96.0
STU346F91,CRS873520,37.55
STU34A838,CRSABDECA,0.0
STU34B1F2,CRSB3DEC3,77.0
STU34C00A,CRSA0DDEE,27.0
STU3500CD,CRS5808ED,62.0
STU351F35,CRS08D714,84.88
STU351F35,CRS6F5FBE,17.0
STU352FC9,CRS5227CE,61.0
STU352FF0,CRSE3C0B1,55.04
STU353BEB,CRS0D0C93,61.54
STU3550DA,CRSBB7805,62.0
STU3587D9,CRS8EE952,52.62
STU3587D9,CRS9E6805,61.0
STU35CE4F,CRS1F1B36,50.6
STU362448,CRS162E14,61.0
STU364707,CRS084383,30.0
STU367AAD,CRS50643A,89.45
STU369953,CRS873520,83.09
STU369F67,CRS600B87,66.0
STU36C8A0,CRSF53779,57.38
STU36D102,CRS5808ED,97.0
STU36E469,CRSC615BF,97.91
STU36EEED,CRS64A185,28.37
STU36EEED,CRS873520,5.81
STU3706ED,CRSF53779,91.26
STU370D5F,CRS9A990D,78.0
STU3714A5,CRSC9A6A0,67.0
STU372A9A,CRS1B2A91,3.21
STU37410D,CRS5A5DC7,91.69
STU375753,CRS4AFD79,0.0
STU377A7F,CRS96D2A3,78.0
STU377E40,CRS0D0C93,0.0
STU377E49,CRSC615BF,33.41
STU377F94,CRS30B676,55.28
STU3798A1,CRS89B8C7,72.0
STU3798A1,CRSD2ADD9,62.0
STU37CD02,CRS446F01,74.0
STU37CD02,CRSC227CB,60.92
STU37CD02,CRSCB3501,78.84
STU37D259,CRSEB447E,87.0
STU37E739,CRS94D1D4,16.19
STU37EC29,CRS6F5FBE,90.0
STU37EC80,CRS64A185,0.0
STU37F200,CRSE8DD32,57.72
STU3816D8,CRS8EE952,0.0
STU38281C,CRS3C6225,80.0
STU382D50,CRS1F1B36,81.31
STU3850E5,CRS9A990D,100.0
STU38AB9F,CRS5808ED,97.0
STU38AB9F,CRS9E6805,56.0
STU38B3E6,CRSE4187D,90.0
STU38B655,CRS79BCC1,48.07
STU38C1EC,CRS50643A,73.36
STU38C9A9,CRS600B87,68.0
STU38C9A9,CRSC05DF7,87.43
STU38CC80,CRS5227CE,64.0
STU38D338,CRS675703,0.0
STU38F54F,CRSEB447E,76.0
STU390A33,CRS088411,54.25
STU391C9D,CRSE3C0B1,98.34
STU391EED,CRS514C5B,27.92
STU391EED,CRS89B8C7,25.0
STU395F66,CRSE3C0B1,83.76
STU396340,CRS1F1B36,41.32
STU3968AF,CRS7D6945,63.0
STU39812E,CRSCB3501,82.05
STU39828C,CRSF49A1E,49.0
STU3987AF,CRS31CE5D,65.48
STU3987AF,CRS600B87,81.0
STU3987AF,CRS873520,20.46
STU39A382,CRS600B87,0.0
STU39D602,CRSBA7C05,34.35
STU39E932,CRS8EE952,27.87
STU3A0727,CRS084383,54.0
STU3A08DA,CRS94D1D4,44.74
STU3A231F,CRS9A990D,79.0
STU3A37D2,CRS79BCC1,86.61
STU3A7D86,CRSE3C0B1,57.3
STU3A7F19,CRS084383,63.0
STU3A873D,CRS5227CE,96.0
STU3A9DB9,CRS9E6805,100.0
STU3AA174,CRSF53779,85.96
STU3AA325,CRS5808ED,74.0
STU3AC16D,CRS088411,67.25
STU3AE6EA,CRSDD8532,0.0
STU3AF1B5,CRSEB447E,62.0
STU3AF6EC,CRS283DC7,72.0
STU3AFBCB,CRSA196A8,1.09
STU3B0C58,CRS08D714,83.0
STU3B334F,CRS42FB5E,95.0
STU3B334F,CRS514C5B,80.19
STU3B4D34,CRSCCEF31,76.0
STU3B54D7,CRSCB3501,62.54
STU3B9A8E,CRS50643A,96.96
STU3B9E4E,CRS50643A,77.41
STU3BB39C,CRS8EE952,19.32
STU3BBFA8,CRSC227CB,20.54
STU3BD0B7,CRS8EE952,83.29
STU3BE9A9,CRS446F01,0.0
STU3C0A60,CRS08D714,0.0
STU3C1925,CRSDC34F7,63.0
STU3C194C,CRSEB447E,51.0
STU3C4B88,CRSD2ADD9,23.0
STU3C6506,CRSC4CA25,88.82
STU3C68A3,CRSBB7805,94.0
STU3C7DB7,CRS5A5DC7,18.31
STU3CA915,CRS94D1D4,72.54
STU3CD2E1,CRSE8DD32,87.12
STU3CDE42,CRS7BD731,81.0
STU3D1804,CRS600B87,84.0
STU3D1804,CRSCB3501,42.36
STU3D2135,CRS10D353,67.0
STU3D66C5,CRS7A2125,98.0
STU3D7429,CRS96D2A3,22.0
STU3D7AC5,CRS446F01,88.0
STU3D82C2,CRSC05DF7,72.21
STU3D84FE,CRS30B676,81.84
STU3D8DEB,CRSC4CA25,70.11
STU3D9F37,CRS143175,58.0
STU3DA904,CRSB6F765,23.68
STU3DE203,CRS9A990D,100.0
STU3DE41F,CRS779DCE,38.62
STU3E0745,CRSBA7C05,26.86
STU3E3C1A,CRSCCEF31,17.0
STU3E4BFD,CRSBB7805,31.0
STU3E5055,CRS8B4602,8.01
STU3E5709,CRS9E6805,74.0
STU3E662D,CRSA196A8,30.52
STU3E7B3E,CRSE8DD32,83.08
STU3EA1C4,CRS3C6225,91.0
STU3EA430,CRS779DCE,32.68
STU3EC518,CRS767056,69.0
STU3ECD06,CRS7BD731,34.0
STU3F0FA0,CRS446F01,0.0
STU3F10FB,CRSEB447E,90.0
STU3F2119,CRS143175,83.0
STU3F2DD2,CRS817AE2,70.11
STU3F5358,CRS4AFD79,90.0
STU3F5520,CRSA196A8,48.66
STU3F7BE2,CRS42FB5E,96.0
STU3FAAC2,CRS143175,79.0
STU3FD32C,CRS30B676,60.71
STU3FDE80,CRS1F1B36,72.77
STU400336,CRS088411,64.87
STU401DC6,CRS8B4602,73.23
STU401F8E,CRSF49A1E,89.0
STU402400,CRS89B8C7,57.0
STU40353A,CRS767056,100.0
STU404A2B,CRS767056,36.0
STU404AB6,CRS1B2A91,85.78
STU407610,CRSDD8532,93.0
STU40ADC6,CRSDF408F,83.86
STU40B84C,CRSE1C7E4,83.75
STU40DC27,CRS8B4602,79.2
STU40E4E7,CRS50643A,86.26
STU40E4E7,CRS817AE2,74.05
STU40E66E,CRS0D0C93,89.07
STU40E66E,CRS1F1B36,46.77
STU40EE8A,CRS50643A,87.26
STU41417A,CRS08D714,0.0
STU414465,CRS446F01,75.0
STU4154E2,CRS1B2A91,1.53
STU415990,CRSABDECA,56.0
STU41A62D,CRS1B851A,75.0
STU41B0CC,CRS5A5DC7,19.23
STU41BA4C,CRSCB3501,77.67
STU41DA65,CRSABDECA,29.0
STU422658,CRS162E14,84.0
STU422658,CRS5808ED,68.0
STU425BE7,CRS8EFEEE,57.0
STU42753B,CRS30B676,81.54
STU429667,CRS5A5DC7,71.85
STU4296D3,CRS463762,34.94
STU42AE48,CRS7BD731,68.0
STU42B1E0,CRSEB447E,25.0
STU42B82E,CRSCCEF31,93.0
STU42D5E2,CRS31CE5D,96.37
STU42E901,CRS8EFEEE,65.0
STU42F9A6,CRSB3DEC3,20.0
STU432266,CRSDF408F,35.46
STU433245,CRSC05DF7,23.93
STU4337FF,CRSF49A1E,41.0
STU433E4E,CRSC227CB,81.15
STU43623D,CRS08D714,66.0
STU436BC4,CRS817AE2,22.1
STU43803B,CRSBB7805,43.0
STU43CC75,CRS8EFEEE,78.0
STU43ED3B,CRSC615BF,46.35
STU440187,CRS7BD731,46.0
STU4408AA,CRS94D1D4,80.81
STU440DBF,CRS64A185,69.42
STU440DBF,CRSC227CB,86.5
STU442E26,CRS87F489,100.0
STU446420,CRSABDECA,72.0
STU446A59,CRSDC34F7,53.0
STU447ADB,CRS8EE952,69.53
STU449953,CRS873520,86.45
STU44A7E3,CRSA0DDEE,55.0
STU44D123,CRS89B8C7,62.0
STU44E747,CRS873520,0.82
STU451975,CRSB3DEC3,43.0
STU451975,CRSE4187D,36.0
STU45304A,CRSA196A8,49.35
STU455B69,CRS143175,0.0
STU455B69,CRSDC34F7,86.0
STU4576A9,CRS162E14,63.0
STU4593B4,CRS084383,96.0
STU45B713,CRSE1C7E4,47.03
STU45E4DD,CRS600B87,36.0
STU46164A,CRS64A185,100.0
STU461AEC,CRS5227CE,58.0
STU462544,CRSCCEF31,94.0
STU464CAF,CRS50643A,85.46
STU46546B,CRS1B2A91,85.37
STU46546B,CRSBB7805,62.0
STU468EDE,CRS42FB5E,81.0
STU46A291,CRS817AE2,56.71
STU46A291,CRSC615BF,63.76
STU46BA61,CRSE8DD32,58.5
STU46C2BB,CRS600B87,0.0
STU46F704,CRSCB3501,83.0
STU472F3F,CRS5808ED,0.0
STU472F3F,CRSC4CA25,0.0
STU47412E,CRS10D353,63.0
STU474DB7,CRSE4187D,74.0
STU4755DA,CRS767056,0.0
STU476C9A,CRSCCEF31,45.0
STU4791A2,CRS64A185,34.81
STU47928C,CRS64A185,53.36
STU47928C,CRSCB3501,57.81
STU47A7C6,CRS4AFD79,74.0
STU47CB77,CRSE4187D,94.0
STU47CFC3,CRSDF408F,42.85
STU47EBE1,CRS446F01,100.0
STU47FC1F,CRSF49A1E,68.0
STU4803B6,CRSABDECA,51.0
STU482FE8,CRS9A990D,68.0
STU482FE8,CRSDF408F,85.26
STU483B9C,CRS87F489,57.6
STU484D5C,CRS7BD731,76.0
STU488C5F,CRS3C6225,71.0
STU48D23A,CRS7BD731,44.0
STU48D8BF,CRS79BCC1,20.49
STU48E1DC,CRSE8DD32,18.57
STU48EBEC,CRSDF408F,0.0
STU490417,CRSE8DD32,35.07
STU4913B7,CRS0D0C93,94.13
STU491B2F,CRSA0DDEE,0.0
STU4933F4,CRS779DCE,73.68
STU493CB1,CRS767056,81.0
STU49589B,CRS7BD731,0.0
STU49589B,CRS817AE2,0.0
STU495B8D,CRS8B4602,87.95
STU4985EF,CRS0D0C93,68.84
STU49AFC1,CRS30B676,78.59
STU49B50A,CRS779DCE,65.86
STU49C839,CRS94D1D4,56.87
STU49C839,CRSC05DF7,15.64
STU49C839,CRSE8DD32,60.13
STU49D020,CRS4AFD79,0.0
STU49E4E9,CRS79BCC1,70.83
STU4A1759,CRS143175,82.0
STU4A1D0C,CRS514C5B,68.98
STU4A21C2,CRSB6F765,38.68
STU4A25AA,CRS50643A,82.71
STU4A263D,CRS162E14,42.0
STU4A3A84,CRS3C6225,76.0
STU4A59DA,CRS10D353,46.0
STU4A5D4A,CRS5227CE,56.0
STU4A67C4,CRSCCEF31,79.0
STU4A70E1,CRS088411,92.87
STU4A8033,CRS1F1B36,87.84
STU4A8033,CRS463762,78.88
STU4A8114,CRS675703,89.0
STU4A8341,CRS8EFEEE,59.0
STU4A84DA,CRS5A5DC7,78.38
STU4A8793,CRSCCEF31,29.0
STU4AA2CA,CRS94D1D4,71.2
STU4AA8FB,CRSF49A1E,24.0
STU4AAAD4,CRS1B851A,31.0
STU4AB6D5,CRSC9A6A0,0.0
STU4ACAF5,CRS283DC7,0.0
STU4AD11B,CRS87F489,40.48
STU4AD628,CRSC227CB,42.0
STU4B0E1D,CRS89B8C7,51.0
STU4B2057,CRS600B87,35.0
STU4B332E,CRSDC34F7,44.0
STU4B4E7C,CRS088411,26.25
STU4B5B59,CRS767056,77.0
STU4B7A28,CRS7BD731,60.0
STU4B972F,CRS4AFD79,0.0
STU4B9A33,CRSBB7805,0.0
STU4BA56B,CRS162E14,87.0
STU4BA56B,CRSF49A1E,38.0
STU4BBFAD,CRS088411,96.37
STU4BDBC0,CRS9A990D,94.0
STU4BECB5,CRS87F489,63.06
STU4BF025,CRS94D1D4,90.55
STU4C0B19,CRSCB3501,68.89
STU4C0FFD,CRS63A4C9,45.0
STU4C4631,CRS7D6945,73.0
STU4C4890,CRS8EFEEE,82.0
STU4C8256,CRSABDECA,91.0
STU4C84F4,CRSBA7C05,19.76
STU4C9083,CRS5A5DC7,48.31
STU4C90CF,CRS283DC7,55.0
STU4CF6EC,CRS501E44,0.0
STU4D0E2C,CRSABDECA,18.0
STU4D1721,CRS08D714,3.21
STU4D200C,CRS87F489,81.44
STU4D7DC3,CRS446F01,0.0
STU4DAE16,CRS08D714,80.29
STU4DDC5D,CRSDD8532,88.0
STU4DE80D,CRS283DC7,51.0
STU4E155E,CRS10D353,54.0
STU4E2E07,CRSB6F765,81.28
STU4E42FF,CRSF53779,23.65
STU4E556F,CRS08D714,73.17
STU4E76AD,CRS63A4C9,93.0
STU4E967C,CRS501E44,33.36
STU4EA0DD,CRS7D6945,54.0
STU4EA2D6,CRS0D0C93,65.97
STU4EC312,CRS7D6945,95.0
STU4EE55D,CRS50643A,0.0
STU4EF4F3,CRS463762,0.0
STU4F0B7A,CRS5808ED,9.0
STU4F13C2,CRSABDECA,59.0
STU4F29D4,CRS8EE952,48.2
STU4F37AD,CRS5808ED,50.0
STU4F62BD,CRS084383,83.0
STU4F7A62,CRS162E14,69.0
STU4F7A62,CRSB6F765,50.68
STU4F7F82,CRSC4CA25,79.77
STU4FA488,CRSBB7805,72.0
STU4FB77E,CRSE8DD32,68.85
STU4FBCB7,CRS7BD731,0.0
STU4FBCB7,CRSDC34F7,42.0
STU4FDC0E,CRS63A4C9,99.0
STU4FF4DD,CRSB3DEC3,74.0
STU50077E,CRSC615BF,32.16
STU500A96,CRS873520,77.18
STU5018DA,CRS96D2A3,76.0
STU503599,CRS514C5B,57.76
STU503AFA,CRS87F489,88.55
STU50460C,CRS4AFD79,0.0
STU5055E5,CRS779DCE,42.78
STU5055E5,CRS96D2A3,100.0
STU5055E5,CRSE4187D,49.0
STU509A72,CRS5808ED,77.0
STU50B450,CRS1F1B36,39.32
STU50B6AF,CRS3C6225,78.0
STU50B6AF,CRS675703,100.0
STU50CB69,CRS89B8C7,69.0
STU510D02,CRS1B2A91,72.94
STU510D02,CRS50643A,40.95
STU512611,CRS779DCE,88.05
STU5130B6,CRSE8DD32,86.04
STU5138A4,CRS7BD731,18.0
STU513B77,CRS1F1B36,12.13
STU515DDC,CRS63A4C9,32.0
STU515FDD,CRS6F5FBE,17.0
STU517595,CRS873520,59.36
STU517595,CRS9E6805,92.0
STU51942D,CRSD2ADD9,83.0
STU51B70B,CRS463762,25.24
STU51C69F,CRSCCEF31,53.0
STU51C6FC,CRS79BCC1,72.54
STU51DB01,CRSA196A8,88.6
STU51E7F4,CRS8EE952,81.07
STU51F4F1,CRSB3DEC3,27.0
STU521152,CRSE1C7E4,65.95
STU521685,CRSC227CB,37.85
STU525157,CRSF53779,68.0
STU52518C,CRSEB447E,100.0
STU5255D4,CRS446F01,85.0
STU527D41,CRS1B851A,0.0
STU528976,CRS8B4602,34.11
STU52A89D,CRS1B2A91,83.85
STU52AC5C,CRS9E6805,0.0
STU52B822,CRSE4187D,27.0
STU52BEE8,CRSB6F765,96.89
STU52D948,CRSE1C7E4,82.67
STU530EC3,CRSABDECA,57.0
STU5313DE,CRS64A185,100.0
STU533130,CRS8EFEEE,67.0
STU536845,CRS36A2D8,64.0
STU5380F1,CRSA0DDEE,61.0
STU53BEAB,CRS675703,69.0
STU53CFFC,CRSE4187D,60.0
STU53E878,CRS63A4C9,48.0
STU53F53D,CRS87F489,76.44
STU546ED2,CRS4AFD79,48.0
STU5497B0,CRS36A2D8,33.0
STU54B5D7,CRS143175,55.0
STU54BDDC,CRSC227CB,73.31
STU54E7D3,CRS5A5DC7,39.0
STU54F194,CRSF49A1E,72.0
STU550F6A,CRS446F01,33.0
STU552093,CRS1B2A91,62.94
STU554247,CRS1F1B36,77.68
STU555ED7,CRS143175,67.0
STU557921,CRS084383,16.0
STU557921,CRS873520,45.09
STU559565,CRSBB7805,35.0
STU55E05E,CRS94D1D4,23.22
STU55FF20,CRSA0DDEE,71.0
STU560D74,CRS94D1D4,10.16
STU563621,CRS3C6225,20.0
STU5647D9,CRS5808ED,43.0
STU56673B,CRS50643A,27.73
STU567CE4,CRSE8DD32,77.23
STU56CEE6,CRS5808ED,67.0
STU56EEBA,CRS7D6945,54.0
STU56F158,CRSB3DEC3,88.0
STU571A00,CRSC227CB,13.73
STU5720D5,CRSA0DDEE,51.0
STU5729AA,CRS42FB5E,65.0
STU5729AA,CRS7BD731,73.0
STU577C9F,CRS143175,32.0
STU57912C,CRS30B676,49.72
STU5791C0,CRS63A4C9,56.0
STU579FE0,CRSDF408F,60.52
STU57A39A,CRSC6B0E8,39.8
STU57A3AB,CRSA196A8,40.02
STU57A711,CRS088411,59.13
STU57B79A,CRS1B2A91,3.19
STU57CC65,CRS143175,49.0
STU57FA27,CRS088411,0.0
STU5807B1,CRS675703,92.0
STU58178A,CRS514C5B,71.58
STU582B92,CRS5A5DC7,80.62
STU58638E,CRSC05DF7,49.44
STU5870E6,CRS0D0C93,36.2
STU588583,CRSE4187D,32.0
STU589415,CRSE3C0B1,64.75
STU58A65F,CRS1B851A,70.0
STU58B142,CRSE4187D,87.0
STU58BF00,CRS42FB5E,81.0
STU58C5F0,CRS10D353,0.0
STU58D25D,CRS084383,48.0
STU58D47F,CRS501E44,49.91
STU58ECA1,CRS31CE5D,74.71
STU58F0ED,CRS600B87,69.0
STU5909DC,CRSABDECA,100.0
STU593845,CRSE4187D,48.0
STU593A34,CRS5A5DC7,70.77
STU595A0D,CRS283DC7,29.0
STU595A0D,CRSD2ADD9,77.0
STU595E83,CRS5A5DC7,0.0
STU598377,CRSC615BF,19.21
STU59860F,CRS9A7763,0.0
STU59878C,CRS8B4602,14.24
STU59AE15,CRSB6F765,41.52
STU59B02A,CRS08D714,0.0
STU59B02A,CRS1B2A91,36.31
STU59B02A,CRSA196A8,7.59
STU59C050,CRSF53779,77.83
STU59C7EF,CRS817AE2,74.71
STU59D4C8,CRSC4CA25,59.78
STU5A11CD,CRSF49A1E,34.0
STU5A12B2,CRS96D2A3,0.0
STU5A2229,CRS600B87,0.0
STU5A3885,CRS7BD731,100.0
STU5A4ACB,CRS79BCC1,42.71
STU5A4D32,CRS36A2D8,22.0
STU5A5244,CRSF49A1E,99.0
STU5A5C8A,CRSB6F765,42.86
STU5A5D80,CRS64A185,82.03
STU5A5D80,CRS8EFEEE,97.0
STU5A878A,CRS675703,85.0
STU5AD9E0,CRS7D6945,67.0
STU5ADEC8,CRS36A2D8,0.0
STU5AFA93,CRS1B2A91,66.15
STU5AFB91,CRSBA7C05,39.86
STU5B087C,CRSC9A6A0,77.0
STU5B3745,CRS08D714,46.92
STU5B56BB,CRSF49A1E,44.0
STU5B7F8F,CRS7A2125,57.0
STU5BC515,CRS5808ED,100.0
STU5BDCEF,CRS283DC7,73.0
STU5BDD67,CRS501E44,26.31
STU5C2FB3,CRSB6F765,70.1
STU5C385E,CRS64A185,0.0
STU5C4E5B,CRS89B8C7,58.0
STU5C53A1,CRSC9A6A0,77.0
STU5C6550,CRSC227CB,25.27
STU5C65BF,CRS7A2125,54.0
STU5C7715,CRSE1C7E4,47.45
STU5CA792,CRSE4187D,51.0
STU5CBD2D,CRS501E44,55.53
STU5CECC1,CRS6F5FBE,0.0
STU5CF4C6,CRS9A990D,0.0
STU5CFE7A,CRS873520,47.36
STU5CFE7A,CRS96D2A3,60.0
STU5D6DB3,CRS30B676,43.2
STU5D6DB3,CRS63A4C9,84.0
STU5D72DF,CRS5808ED,35.0
STU5D84EC,CRS084383,60.0
STU5E2214,CRS463762,48.23
STU5E28A9,CRSBB7805,52.0
STU5E73F7,CRS9A7763,81.0
STU5E846C,CRSDF408F,38.92
STU5E8B56,CRS64A185,57.9
STU5E91E6,CRS7A2125,89.0
STU5F0E6A,CRS64A185,79.97
STU5F11F7,CRS817AE2,60.94
STU5F2B34,CRS1B851A,82.0
STU5F33B6,CRSC9A6A0,0.0
STU5F3705,CRS36A2D8,92.0
STU5F3AAB,CRS94D1D4,46.52
STU5F461D,CRS5A5DC7,65.47
STU5F540B,CRSC05DF7,11.02
STU5F6334,CRSB3DEC3,45.0
STU5F7AFE,CRS36A2D8,64.0
STU5F7FC6,CRSA0DDEE,78.0
STU5F8CB7,CRS94D1D4,12.24
STU5F9971,CRS8B4602,0.0
STU5FAB8F,CRS675703,70.0
STU5FB864,CRS8EFEEE,62.0
STU5FEB17,CRS5808ED,62.0
STU5FF237,CRS36A2D8,35.0
STU6023B6,CRS143175,75.0
STU6062D7,CRSA196A8,76.65
STU60AFD4,CRSC05DF7,85.07
STU60C34E,CRS5A5DC7,93.54
STU60CDB7,CRS8B4602,86.98
STU60E1EF,CRS501E44,67.58
STU610DD4,CRSE1C7E4,60.28
STU611CE4,CRS463762,79.82
STU613071,CRS501E44,72.83
STU61426B,CRS600B87,37.0
STU6148CE,CRSC05DF7,42.96
STU6184A4,CRS4AFD79,0.0
STU618FEC,CRSB6F765,73.68
STU61BFC3,CRSC4CA25,74.57
STU61C272,CRS5227CE,84.0
STU61D0A4,CRS7BD731,25.0
STU61E1AF,CRS08D714,83.69
STU61EC26,CRSCCEF31,36.0
STU62113F,CRSC4CA25,2.2
STU621172,CRS08D714,33.36
STU6242B9,CRS873520,65.54
STU626763,CRSA196A8,66.33
STU626763,CRSDC34F7,70.0
STU628197,CRSABDECA,61.0
STU6282DE,CRS42FB5E,34.0
STU629CFD,CRS36A2D8,89.0
STU62C975,CRSDF408F,7.97
STU62DBB5,CRSCB3501,46.68
STU62E955,CRS5808ED,71.0
STU632992,CRS10D353,100.0
STU6331DE,CRS7D6945,66.0
STU6331DE,CRSF49A1E,78.0
STU633476,CRSE1C7E4,94.97
STU63A8B8,CRS89B8C7,36.0
STU63C7BA,CRS283DC7,0.0
STU64070B,CRS94D1D4,73.72
STU6415D6,CRS5808ED,74.0
STU6416F3,CRS817AE2,26.49
STU643E77,CRSC227CB,74.73
STU645F57,CRS514C5B,77.91
STU647A33,CRS63A4C9,0.0
STU64C8EB,CRSE1C7E4,83.13
STU64D224,CRS1B851A,36.0
STU64E8CF,CRS36A2D8,63.0
STU64F0B2,CRS5227CE,98.0
STU64F0B2,CRSC05DF7,83.27
STU65220D,CRS767056,77.0
STU6527D7,CRS96D2A3,78.0
STU653D91,CRS94D1D4,95.67
STU65439F,CRS36A2D8,86.0
STU655E45,CRS63A4C9,0.0
STU657F4A,CRSA0DDEE,67.0
STU659A87,CRSA0DDEE,75.0
STU65B4A9,CRS8EE952,88.95
STU65CD4D,CRSF49A1E,45.0
STU65E02B,CRS514C5B,0.0
STU660D52,CRS143175,69.0
STU6613B0,CRS5A5DC7,84.39
STU6613B0,CRSBB7805,61.0
STU6637FF,CRSD2ADD9,50.0
STU6638BD,CRS162E14,88.0
STU6638BD,CRS5808ED,73.0
STU6683E4,CRSDC34F7,100.0
STU668740,CRS79BCC1,66.59
STU66884A,CRSC9A6A0,76.0
STU668A04,CRS1F1B36,42.61
STU668A04,CRS50643A,71.89
STU66A767,CRS084383,99.0
STU66A767,CRSDC34F7,94.0
STU66AC43,CRSC9A6A0,17.0
STU66E2A2,CRSDF408F,80.85
STU670406,CRSE3C0B1,10.16
STU67132B,CRS08D714,77.34
STU676794,CRS79BCC1,68.78
STU6793C5,CRS50643A,98.96
STU67A8BC,CRS8EFEEE,53.0
STU67A8BC,CRSC9A6A0,9.0
STU67D958,CRSC227CB,94.92
STU67DBBD,CRS7BD731,40.0
STU67DE75,CRS675703,93.0
STU67F71F,CRSABDECA,50.0
STU6828CA,CRS446F01,43.0
STU684345,CRS8EE952,4.17
STU686864,CRS10D353,82.0
STU688CCC,CRS87F489,36.9
STU689C45,CRS283DC7,53.0
STU68A04E,CRS08D714,0.0
STU68B55F,CRSB3DEC3,24.0
STU68B55F,CRSDD8532,58.0
STU68BE0D,CRS31CE5D,73.8
STU68D1C2,CRSA196A8,0.0
STU68DD2B,CRS084383,87.0
STU68DF95,CRSBB7805,79.0
STU68FAFB,CRS600B87,26.0
STU6906C9,CRS0D0C93,58.16
STU694041,CRS89B8C7,77.0
STU694799,CRS143175,41.0
STU69732B,CRS514C5B,0.0
STU697D7C,CRS36A2D8,40.0
STU69A1DF,CRS463762,65.47
STU69A43A,CRSCCEF31,22.0
STU69C161,CRS50643A,29.65
STU69DBEE,CRS5227CE,75.0
STU69FF64,CRS9A7763,9.0
STU6A1726,CRS501E44,36.95
STU6A2A5B,CRS1B851A,100.0
STU6A37E4,CRS088411,78.12
STU6A3EE8,CRS9A990D,83.0
STU6A5B2A,CRS600B87,67.0
STU6A84B3,CRS9A7763,41.0
STU6A9891,CRS50643A,82.84
STU6AAAA4,CRSBB7805,72.0
STU6ACDA9,CRS675703,0.0
STU6AD8A8,CRS87F489,56.4
STU6B08CC,CRS5227CE,93.0
STU6B0980,CRS96D2A3,59.0
STU6B0980,CRSBA7C05,81.75
STU6B4A53,CRS6F5FBE,93.0
STU6B5F32,CRSCB3501,0.0
STU6B975F,CRSB6F765,76.42
STU6B9D3C,CRSABDECA,0.0
STU6BA30A,CRS5808ED,61.0
STU6BA4C2,CRSDD8532,62.0
STU6BD4E2,CRSA196A8,0.0
STU6BE5D5,CRS7A2125,50.0
STU6C305A,CRS283DC7,38.0
STU6C30AC,CRS1B2A91,2.86
STU6C30AC,CRSB3DEC3,48.0
STU6C3818,CRS446F01,0.0
STU6C5845,CRS283DC7,92.0
STU6C5BB3,CRS3C6225,17.0
STU6C5E18,CRS7BD731,0.0
STU6C65BC,CRS600B87,91.0
STU6C7BA0,CRSC9A6A0,77.0
STU6C8853,CRSE4187D,35.0
STU6C8F59,CRS143175,41.0
STU6C9277,CRSCCEF31,0.0
STU6C92F1,CRS5227CE,72.0
STU6CECE8,CRS7BD731,55.0
STU6CED53,CRS873520,27.36
STU6D0506,CRS463762,0.0
STU6D1F3F,CRS36A2D8,0.0
STU6D2AB2,CRSE3C0B1,38.58
STU6D6CD5,CRS162E14,63.0
STU6D713A,CRS088411,46.5
STU6D8434,CRS1B851A,65.0
STU6D925B,CRSC6B0E8,83.67
STU6D9756,CRSE1C7E4,96.9
STU6DA366,CRSDC34F7,55.0
STU6DB0B9,CRS9E6805,89.0
STU6DB924,CRSA196A8,42.03
STU6DBBC0,CRS3C6225,0.0
STU6DC3BC,CRS4AFD79,98.0
STU6DE33E,CRS9E6805,0.0
STU6DE700,CRS42FB5E,0.0
STU6DF869,CRS94D1D4,66.2
STU6DFAAD,CRS7A2125,22.0
STU6DFFE6,CRS501E44,2.17
STU6E35B5,CRSA0DDEE,78.0
STU6E54A5,CRS96D2A3,93.0
STU6E5797,CRS5808ED,41.0
STU6E65AD,CRSC6B0E8,65.09
STU6E65AD,CRSE4187D,79.0
STU6E84AF,CRS283DC7,34.0
STU6EB323,CRSE8DD32,81.96
STU6EB901,CRS9E6805,78.0
STU6EBEB5,CRSA0DDEE,58.0
STU6EED2E,CRSE3C0B1,65.02
STU6F4484,CRS143175,54.0
STU6F57E1,CRS088411,0.0
STU6F7069,CRSE8DD32,79.13
STU6F8AC5,CRS63A4C9,20.0
STU6FB700,CRS162E14,73.0
STU6FCD0A,CRSABDECA,55.0
STU701A05,CRS0D0C93,0.0
STU70214C,CRS5A5DC7,78.77
STU704087,CRS10D353,0.0
STU70553F,CRS9A7763,67.0
STU7064DE,CRSD2ADD9,70.0
STU707A90,CRSC6B0E8,57.59
STU7086C2,CRS143175,69.0
STU70CF6D,CRS9A7763,51.0
STU70F86B,CRSE8DD32,90.68
STU710037,CRSD2ADD9,26.0
STU713FFA,CRSDC34F7,59.0
STU715314,CRS817AE2,69.59
STU71568B,CRSCCEF31,73.0
STU715CB8,CRSBA7C05,91.2
STU7163EA,CRS162E14,95.0
STU71A955,CRSBA7C05,43.92
STU71B105,CRS8EE952,14.3
STU71B105,CRSC6B0E8,77.41
STU71E44A,CRSCCEF31,68.0
STU722DF0,CRS9A7763,56.0
STU7242E2,CRS463762,84.59
STU724F9E,CRS7BD731,75.0
STU725DBA,CRSEB447E,65.0
STU727682,CRS1B2A91,53.41
STU727CB3,CRSEB447E,79.0
STU727F2D,CRSABDECA,36.0
STU7288A4,CRS5227CE,30.0
STU72A4C3,CRS6F5FBE,91.0
STU72A4F9,CRS9E6805,0.0
STU72B96E,CRSC4CA25,44.05
STU72C3B1,CRS767056,0.0
STU72DA00,CRS600B87,0.0
STU72DACB,CRS7A2125,0.0
STU72E529,CRSE1C7E4,85.8
STU72F936,CRSCCEF31,0.0
STU7305A7,CRSC615BF,3.84
STU7307A8,CRS36A2D8,96.0
STU731FBA,CRS8B4602,6.3
STU73CDC5,CRS79BCC1,95.0
STU73D846,CRS6F5FBE,71.0
STU73E166,CRS8EE952,70.44
STU73EB84,CRS9A990D,24.0
STU73EB98,CRS514C5B,55.46
STU7405DE,CRS501E44,88.47
STU742A7A,CRSCCEF31,64.0
STU74387F,CRS084383,70.0
STU745AB3,CRS817AE2,83.13
STU74620E,CRS8B4602,48.93
STU74ABE4,CRS8EE952,71.97
STU74E5A8,CRSE3C0B1,64.4
STU74F291,CRS6F5FBE,60.0
STU7538C2,CRS6F5FBE,20.0
STU7542B7,CRS79BCC1,73.56
STU759F3E,CRS084383,37.0
STU75B7A7,CRSDF408F,35.46
STU75B7A7,CRSEB447E,53.0
STU75B849,CRS8B4602,40.96
STU75D8E6,CRS31CE5D,36.92
STU75E13D,CRS31CE5D,24.82
STU75FCB2,CRSEB447E,46.0
STU7606CA,CRS600B87,95.0
STU76084D,CRSCB3501,65.18
STU761EED,CRS94D1D4,48.57
STU763244,CRS5A5DC7,64.31
STU763244,CRSDF408F,32.08
STU764B3D,CRS36A2D8,65.0
STU765089,CRS162E14,72.0
STU765664,CRS5227CE,27.0
STU767C18,CRS79BCC1,56.91
STU767C18,CRSC6B0E8,63.74
STU76925B,CRSE1C7E4,36.05
STU769CEE,CRSD2ADD9,84.0
STU76A912,CRSB6F765,82.42
STU76B966,CRS9E6805,92.0
STU76E5D7,CRSE3C0B1,75.29
STU76EF07,CRS873520,43.73
STU76F26B,CRSF49A1E,78.0
STU76FB66,CRS87F489,40.04
STU770296,CRS463762,0.0
STU770296,CRSD2ADD9,41.0
STU7710DB,CRS8EE952,21.69
STU771865,CRS50643A,98.04
STU7731DE,CRSC4CA25,98.52
STU773DEF,CRS779DCE,0.0
STU774203,CRS63A4C9,47.0
STU777F69,CRS7D6945,31.0
STU7797C2,CRSE8DD32,9.38
STU779E16,CRS96D2A3,83.0
STU77B462,CRS283DC7,48.0
STU77B719,CRSE1C7E4,33.33
STU77BBA3,CRSE3C0B1,53.24
STU77CE92,CRS89B8C7,74.0
STU785719,CRSB6F765,68.76
STU786E24,CRSF49A1E,93.0
STU786FCB,CRSC05DF7,55.71
STU78818E,CRS89B8C7,64.0
STU788221,CRS873520,9.45
STU78846C,CRS5A5DC7,91.23
STU789145,CRS30B676,40.07
STU78CFCA,CRS767056,57.0
STU78D484,CRS446F01,0.0
STU78D7A1,CRS6F5FBE,2.0
STU78E5A1,CRS3C6225,52.0
STU791986,CRS96D2A3,67.0
STU792A23,CRSF49A1E,38.0
STU792AE0,CRS89B8C7,58.0
STU794549,CRS96D2A3,62.0
STU796016,CRS9A990D,86.0
STU797C23,CRS600B87,66.0
STU797C23,CRS94D1D4,41.67
STU799EDB,CRSC6B0E8,82.24
STU79B316,CRSA0DDEE,59.0
STU79E276,CRS084383,72.0
STU79FA2E,CRSE1C7E4,70.18
STU79FD45,CRSF53779,47.02
STU7A167E,CRSBB7805,18.0
STU7A1A06,CRSE8DD32,3.85
STU7A27DB,CRS463762,73.35
STU7A2AA3,CRS463762,77.76
STU7A45C0,CRSCCEF31,63.0
STU7A88A3,CRSB6F765,11.63
STU7A8F2C,CRS5227CE,28.0
STU7A9095,CRSCB3501,79.71
STU7AB484,CRS64A185,49.57
STU7AC435,CRS088411,0.0
STU7ACDD4,CRS5227CE,76.0
STU7AF111,CRS8B4602,65.32
STU7AFEE2,CRS1B851A,67.0
STU7B02C8,CRS8B4602,89.14
STU7B176B,CRS7D6945,70.0
STU7B34A9,CRS7D6945,40.0
STU7B396D,CRSC615BF,41.07
STU7B41D3,CRSCCEF31,90.0
STU7B4607,CRSE4187D,36.0
STU7B520F,CRS8EE952,50.31
STU7B52F9,CRS7A2125,41.0
STU7B6CA1,CRSABDECA,0.0
STU7B9B31,CRS87F489,41.61
STU7BADB0,CRS5808ED,58.0
STU7C19D3,CRS42FB5E,40.0
STU7C2628,CRS42FB5E,76.0
STU7C3786,CRSC6B0E8,63.8
STU7C3F71,CRS463762,46.47
STU7C412D,CRS8B4602,91.09
STU7C47A5,CRS143175,0.0
STU7C544C,CRSC05DF7,7.56
STU7C6331,CRSC6B0E8,65.67
STU7C74CB,CRSC615BF,0.88
STU7CA56A,CRS9A7763,47.0
STU7CAB98,CRS4AFD79,72.0
STU7CAB98,CRSC4CA25,99.4
STU7CB375,CRS89B8C7,0.0
STU7CC69B,CRSC4CA25,33.13
STU7CE9AA,CRS675703,61.0
STU7CE9AA,CRS6F5FBE,90.0
STU7CE9AA,CRSCB3501,67.49
STU7CF328,CRSDF408F,79.51
STU7CF486,CRSCB3501,98.97
STU7D0A05,CRS1B851A,84.0
STU7D20AA,CRS767056,91.0
STU7D3259,CRS9A990D,17.0
STU7D3CC7,CRSCB3501,68.22
STU7D3CC7,CRSEB447E,0.0
STU7D3D60,CRS42FB5E,73.0
STU7DBA98,CRSCCEF31,74.0
STU7DE612,CRS31CE5D,69.6
STU7DEE84,CRS767056,88.0
STU7E3158,CRSB3DEC3,53.0
STU7E76EE,CRS088411,91.62
STU7E7CE6,CRSCCEF31,46.0
STU7E8CF4,CRS3C6225,0.0
STU7E9C45,CRS283DC7,0.0
STU7EA974,CRS63A4C9,0.0
STU7F134C,CRSDC34F7,0.0
STU7F2852,CRS10D353,90.0
STU7F2EEF,CRSE8DD32,46.66
STU7F3023,CRSC6B0E8,61.61
STU7F443A,CRSD2ADD9,0.0
STU7F45D6,CRS3C6225,32.0
STU7F4C4B,CRS088411,0.0
STU7F5641,CRS5808ED,0.0
STU7F6AC1,CRSBA7C05,49.35
STU7F7902,CRS1F1B36,64.75
STU7F7C36,CRS675703,99.0
STU7F7ECF,CRS463762,80.65
STU7F7EFA,CRS514C5B,27.07
STU7F9973,CRS64A185,88.93
STU7F9973,CRS7BD731,36.0
STU7FA373,CRSEB447E,86.0
STU7FB6FD,CRS89B8C7,40.0
STU7FBF71,CRS8EFEEE,69.0
STU7FF678,CRS767056,70.0
STU7FFB01,CRS8EFEEE,100.0
STU801BF2,CRSBB7805,0.0
STU801F17,CRS1B851A,85.0
STU80471D,CRS463762,68.65
STU806C4E,CRSC4CA25,67.4
STU807413,CRS162E14,75.0
STU8094E0,CRSC4CA25,54.83
STU809F58,CRS31CE5D,52.72
STU809F58,CRS675703,37.0
STU80BE4B,CRS9E6805,34.0
STU80C44F,CRSCB3501,0.0
STU80E967,CRS9A990D,37.0
STU80F806,CRS779DCE,100.0
STU8118CB,CRS514C5B,58.83
STU811C46,CRS36A2D8,100.0
STU8127D4,CRSE3C0B1,0.0
STU812AB0,CRS501E44,63.95
STU812AB0,CRS600B87,40.0
STU812B7E,CRS5227CE,53.0
STU812B7E,CRS8B4602,17.89
STU814D93,CRS94D1D4,55.75
STU815478,CRSC6B0E8,41.89
STU81743E,CRS9A990D,80.0
STU817F8A,CRS9E6805,0.0
STU81A229,CRSB6F765,83.19
STU81BFCD,CRSBB7805,71.0
STU822493,CRS4AFD79,83.0
STU82258B,CRSD2ADD9,67.0
STU823552,CRSF53779,92.57
STU82391D,CRSC9A6A0,53.0
STU8270A4,CRSE1C7E4,42.18
STU8274B5,CRS446F01,55.0
STU828570,CRSC227CB,30.69
STU828BEB,CRSA196A8,58.56
STU82AD88,CRSC227CB,27.12
STU82BE73,CRS5A5DC7,34.77
STU82C442,CRS36A2D8,48.0
STU82DA50,CRS4AFD79,87.0
STU82E367,CRS50643A,53.14
STU83029C,CRS87F489,40.9
STU830AF2,CRS1B851A,60.0
STU831C91,CRS5227CE,54.0
STU832EB1,CRSEB447E,74.0
STU833DC8,CRSDC34F7,71.0
STU8373C7,CRS42FB5E,86.0
STU8373C7,CRS63A4C9,44.0
STU838447,CRS36A2D8,93.0
STU83A294,CRS7D6945,41.0
STU83A411,CRS463762,50.82
STU83A938,CRS10D353,61.0
STU83C27D,CRS0D0C93,84.61
STU83CA76,CRSBB7805,82.0
STU83FAB6,CRS8B4602,88.72
STU83FBC2,CRS0D0C93,68.32
STU84012E,CRSE1C7E4,0.0
STU841516,CRS0D0C93,25.67
STU8424EA,CRS084383,78.0
STU844287,CRS7BD731,73.0
STU8452D8,CRS501E44,88.86
STU8462BA,CRSBB7805,59.0
STU846CAF,CRS446F01,71.0
STU847A51,CRS1B851A,41.0
STU847BF9,CRS817AE2,79.64
STU84AC02,CRS42FB5E,40.0
STU84B648,CRSBB7805,72.0
STU84BA56,CRSC6B0E8,0.0
STU84BAEE,CRS08D714,3.94
STU84BCA3,CRSF49A1E,90.0
STU84C5BD,CRS8B4602,17.41
STU84D877,CRSBA7C05,60.42
STU84F3D8,CRS7A2125,57.0
STU84F74F,CRS94D1D4,80.04
STU8503E5,CRS817AE2,82.82
STU855F09,CRSCCEF31,28.0
STU855F09,CRSE3C0B1,1.01
STU85618E,CRS6F5FBE,0.0
STU8568D5,CRS143175,0.0
STU857BE3,CRS514C5B,44.05
STU859279,CRS87F489,22.7
STU85BE64,CRS4AFD79,32.0
STU85BE64,CRS63A4C9,44.0
STU85C200,CRS1B2A91,57.45
STU85C387,CRSC227CB,58.39
STU8620A2,CRS63A4C9,69.0
STU86271B,CRS79BCC1,17.93
STU865D10,CRSBB7805,100.0
STU8665C3,CRS64A185,56.15
STU8693D9,CRS1F1B36,91.83
STU86A4A6,CRS7BD731,20.0
STU86E2DA,CRS36A2D8,0.0
STU86EF24,CRS767056,71.0
STU86FABC,CRS42FB5E,32.0
STU870AC7,CRS30B676,51.67
STU870C08,CRSE4187D,17.0
STU872DD6,CRS5227CE,56.0
STU874D05,CRS31CE5D,66.04
STU8751B7,CRS779DCE,36.29
STU8751B7,CRSEB447E,59.0
STU875724,CRSC05DF7,79.37
STU8778AA,CRSC9A6A0,97.0
STU877AA3,CRS7D6945,14.0
STU877AA3,CRSBB7805,36.0
STU87867E,CRSBB7805,0.0
STU87B533,CRS42FB5E,71.0
STU87C06B,CRS463762,57.94
STU87C070,CRSCCEF31,63.0
STU87CF9E,CRS79BCC1,17.93
STU87F3D4,CRS96D2A3,44.0
STU87F3D4,CRSCB3501,0.0
STU881DF1,CRSB3DEC3,65.0
STU883006,CRS8EFEEE,41.0
STU883707,CRS463762,86.29
STU88508C,CRS5227CE,0.0
STU88B0E9,CRSCB3501,63.97
STU88B45A,CRS600B87,65.0
STU890A6B,CRS8B4602,80.52
STU8915BB,CRSE3C0B1,78.77
STU89405F,CRSDC34F7,40.0
STU895142,CRSE4187D,80.0
STU896CD5,CRSDD8532,100.0
STU896CD5,CRSE4187D,68.0
STU899E64,CRS088411,37.49
STU89F138,CRS162E14,0.0
STU8A01FE,CRS675703,0.0
STU8A18B7,CRS283DC7,35.0
STU8A2212,CRSF53779,29.3
STU8A417F,CRSE3C0B1,75.03
STU8A4847,CRSBA7C05,83.99
STU8A49BF,CRS64A185,3.8
STU8A5214,CRS600B87,39.0
STU8A5214,CRSC615BF,67.55
STU8A5481,CRSE1C7E4,0.0
STU8AA994,CRSDD8532,81.0
STU8AD401,CRSCB3501,0.0
STU8AD500,CRS779DCE,39.25
STU8AD67C,CRS30B676,47.45
STU8AD67C,CRS89B8C7,66.0
STU8B035E,CRS162E14,38.0
STU8B035E,CRS9E6805,92.0
STU8B035E,CRSDF408F,54.31
STU8B0431,CRS084383,0.0
STU8B3B9F,CRS514C5B,23.93
STU8B3F92,CRS5808ED,36.0
STU8B5E7D,CRS514C5B,28.95
STU8B5E7D,CRSDF408F,65.72
STU8B741F,CRSE1C7E4,86.57
STU8B8446,CRS1F1B36,77.06
STU8BA1D2,CRS10D353,72.0
STU8BA1D2,CRS87F489,52.55
STU8BCC23,CRSBA7C05,45.65
STU8BD28B,CRS3C6225,44.0
STU8BE327,CRS9A7763,70.0
STU8BE3F7,CRSC05DF7,56.19
STU8BF2FC,CRSC615BF,20.54
STU8C3DEE,CRS3C6225,74.0
STU8C3DEE,CRS63A4C9,0.0
STU8C4A3B,CRSABDECA,26.0
STU8C61E2,CRS1F1B36,65.76
STU8C65B8,CRS96D2A3,23.0
STU8C6EEC,CRS1B2A91,63.85
STU8C7969,CRS8B4602,66.22
STU8C936E,CRSCCEF31,66.0
STU8C97B5,CRS5227CE,56.0
STU8C9882,CRS42FB5E,32.0
STU8C9EC8,CRS3C6225,65.0
STU8CAD2A,CRS9A7763,75.0
STU8CB899,CRS514C5B,0.0
STU8CBB2D,CRS514C5B,65.97
STU8CBEB3,CRSD2ADD9,100.0
STU8CCB03,CRS1B851A,85.0
STU8CF0AE,CRS5808ED,83.0
STU8D0A4C,CRSF53779,23.4
STU8D1DEA,CRS283DC7,95.0
STU8D1EE0,CRSA0DDEE,82.0
STU8D3A51,CRS088411,37.0
STU8D3A51,CRS7BD731,86.0
STU8D4245,CRS463762,75.94
STU8D537A,CRS9A990D,59.0
STU8D9167,CRSC4CA25,61.99
STU8D9834,CRSDD8532,100.0
STU8D9BDC,CRS10D353,0.0
STU8DA5FC,CRS7BD731,100.0
STU8DE508,CRS30B676,56.09
STU8DE508,CRSE1C7E4,47.48
STU8E051E,CRS514C5B,0.95
STU8E368D,CRSCCEF31,50.0
STU8E4F2D,CRS50643A,43.1
STU8E65DC,CRSBA7C05,26.3
STU8E6C29,CRSCCEF31,0.0
STU8E8E17,CRSBA7C05,89.15
STU8E97C7,CRS7D6945,96.0
STU8E9E6D,CRS87F489,74.62
STU8EAE7E,CRS1B2A91,26.85
STU8EB0B2,CRSEB447E,0.0
STU8EC13B,CRSC05DF7,57.01
STU8EEAB5,CRSABDECA,81.0
STU8EF7D8,CRS89B8C7,71.0
STU8EFCBA,CRSDC34F7,65.0
STU8F1B3D,CRSB3DEC3,0.0
STU8F1BFD,CRS87F489,10.36
STU8F2AC1,CRS873520,45.0
STU8F6292,CRS7D6945,27.0
STU8F977D,CRSC6B0E8,73.28
STU8FE11B,CRS675703,0.0
STU8FF332,CRSC4CA25,53.78
STU8FF747,CRSA0DDEE,48.0
STU901C8C,CRS96D2A3,100.0
STU902D23,CRS767056,91.0
STU9034D0,CRS31CE5D,93.81
STU9055D9,CRS6F5FBE,72.0
STU905AAB,CRS779DCE,84.32
STU907747,CRSF53779,0.0
STU907FA9,CRS63A4C9,57.0
STU90AE16,CRS30B676,46.56
STU90C151,CRSA0DDEE,72.0
STU90C212,CRS3C6225,82.0
STU910E26,CRSF49A1E,55.0
STU911B2F,CRS79BCC1,0.0
STU913E7A,CRS501E44,64.25
STU915B12,CRS1B2A91,9.64
STU91B290,CRSE1C7E4,86.17
STU91C132,CRS1F1B36,74.54
STU91C66C,CRS79BCC1,0.0
STU91E54D,CRS7A2125,80.0
STU91EEC8,CRSC9A6A0,95.0
STU91F5C0,CRS94D1D4,47.93
STU91F969,CRS7D6945,30.0
STU920BFB,CRSE8DD32,0.0
STU924381,CRS162E14,65.0
STU9277E5,CRS084383,56.0
STU928D20,CRSDC34F7,81.0
STU9297D3,CRSA196A8,0.0
STU92A51B,CRS514C5B,52.07
STU92A51B,CRS767056,88.0
STU92A51B,CRSF49A1E,45.0
STU92E651,CRSEB447E,80.0
STU930116,CRSDD8532,84.0
STU93132C,CRSABDECA,65.0
STU931F16,CRS9A7763,0.0
STU9323C4,CRS8EE952,94.06
STU9340CC,CRS64A185,65.25
STU93731E,CRSC6B0E8,13.52
STU938C35,CRS94D1D4,73.09
STU93A0B1,CRS6F5FBE,70.0
STU93A0B1,CRSABDECA,78.0
STU93A316,CRS675703,86.0
STU93A7D4,CRS08D714,80.75
STU93A842,CRS873520,66.18
STU93A8B1,CRS9E6805,0.0
STU93C25D,CRS600B87,58.0
STU93C8FA,CRS143175,0.0
STU93D2A9,CRS63A4C9,79.0
STU93F60A,CRS96D2A3,12.0
STU941BDC,CRSC9A6A0,46.0
STU941E68,CRSE3C0B1,40.93
STU9439D4,CRS143175,65.0
STU944852,CRSF53779,11.16
STU944FC9,CRS63A4C9,0.0
STU9472DA,CRS7A2125,67.0
STU947FAF,CRSC4CA25,93.47
STU948B03,CRSDF408F,80.62
STU949E5F,CRS50643A,67.41
STU94C3EB,CRS501E44,34.5
STU94D4E9,CRSBA7C05,0.0
STU94DB3C,CRS8EFEEE,20.0
STU94DD64,CRS5A5DC7,24.92
STU94DEBE,CRS283DC7,68.0
STU94EDAC,CRSE4187D,10.0
STU94FF54,CRS7BD731,88.0
STU950E8F,CRS501E44,70.11
STU95263E,CRS514C5B,0.0
STU953481,CRS8B4602,3.26
STU95385D,CRSEB447E,24.0
STU955380,CRS817AE2,0.0
STU9563FF,CRSE3C0B1,14.79
STU957E28,CRS31CE5D,78.52
STU9582C5,CRSDC34F7,58.0
STU959F4F,CRS64A185,56.4
STU95AA2E,CRS162E14,88.0
STU95AA2E,CRSBA7C05,75.5
STU95B5DC,CRSC615BF,31.38
STU95E8D0,CRS36A2D8,56.0
STU95E9A9,CRSBB7805,80.0
STU95FB13,CRS4AFD79,60.0
STU960503,CRS08D714,31.44
STU964307,CRS50643A,96.75
STU9652D4,CRSF49A1E,83.0
STU969EFC,CRS30B676,41.79
STU96BB25,CRS283DC7,0.0
STU96C811,CRSB6F765,65.75
STU96C8C7,CRSC9A6A0,0.0
STU96D47B,CRS3C6225,49.0
STU96EFB7,CRS30B676,49.62
STU97117F,CRS5227CE,56.0
STU9736AA,CRS10D353,42.0
STU974E79,CRS7A2125,0.0
STU974E79,CRSCB3501,50.79
STU976DA2,CRS779DCE,72.32
STU979235,CRS779DCE,27.7
STU9797B2,CRS088411,83.87
STU97C0A1,CRS0D0C93,88.65
STU97E38B,CRSA0DDEE,72.0
STU983BF7,CRS5227CE,0.0
STU983BF7,CRSF53779,0.0
STU983CEB,CRSC227CB,29.5
STU98417E,CRS08D714,0.0
STU985B17,CRS1F1B36,0.0
STU986AF7,CRS084383,79.0
STU9885A9,CRS3C6225,56.0
STU988B67,CRS36A2D8,0.0
STU98A5C8,CRS162E14,35.0
STU98CCD6,CRS79BCC1,66.34
STU98E164,CRSC615BF,81.6
STU98EA27,CRS64A185,0.0
STU994BA3,CRS463762,90.82
STU994CDD,CRS5A5DC7,43.46
STU995DAE,CRS1B851A,41.0
STU995DAE,CRSCCEF31,62.0
STU998A6C,CRSC9A6A0,78.0
STU999548,CRSDC34F7,54.0
STU9995BA,CRS817AE2,80.71
STU999E01,CRS283DC7,36.0
STU99A739,CRS162E14,62.0
STU99A739,CRS779DCE,84.0
STU99A81D,CRSF49A1E,89.0
STU99C0ED,CRS446F01,0.0
STU99C95A,CRSD2ADD9,57.0
STU99DFAF,CRSB6F765,87.14
STU99E3A3,CRS8EE952,29.82
STU99F309,CRS9A7763,68.0
STU9A25E7,CRS8EFEEE,23.0
STU9A441E,CRS5227CE,61.0
STU9A461D,CRS5227CE,82.0
STU9A4B6F,CRS6F5FBE,100.0
STU9A4B6F,CRSE3C0B1,64.7
STU9A568F,CRS446F01,88.0
STU9A7469,CRS1B851A,28.0
STU9AA836,CRS8EFEEE,54.0
STU9AACFA,CRSDD8532,85.0
STU9AE66D,CRS1F1B36,71.54
STU9AF071,CRSF49A1E,85.0
STU9AF8CD,CRS94D1D4,97.04
STU9B0149,CRSC9A6A0,0.0
STU9B114D,CRS5227CE,51.0
STU9B1397,CRSC227CB,35.04
STU9B5426,CRS6F5FBE,97.0
STU9B5D79,CRS7BD731,27.0
STU9B6322,CRS088411,55.88
STU9B6ADA,CRS31CE5D,71.8
STU9B6C55,CRSA196A8,78.39
STU9BB6AC,CRS6F5FBE,69.0
STU9BC782,CRS463762,63.53
STU9BD6B2,CRS600B87,100.0
STU9BDF87,CRS7BD731,16.0
STU9BDF87,CRSF49A1E,43.0
STU9BEB84,CRS446F01,78.0
STU9BEF39,CRSE1C7E4,81.38
STU9BFAC8,CRS084383,73.0
STU9C0BCE,CRS767056,93.0
STU9C0D48,CRS79BCC1,80.56
STU9C0FA2,CRS10D353,49.0
STU9C2447,CRS8B4602,83.13
STU9C3184,CRSDC34F7,33.0
STU9C452F,CRSF53779,98.43
STU9C478C,CRS87F489,40.55
STU9C934A,CRS31CE5D,68.47
STU9CAF3D,CRSEB447E,91.0
STU9CB180,CRS10D353,66.0
STU9CD7AB,CRS084383,67.0
STU9CD7AB,CRS96D2A3,52.0
STU9CE804,CRSDD8532,71.0
STU9D0608,CRS0D0C93,73.97
STU9D09D0,CRSD2ADD9,0.0
STU9D1544,CRS7A2125,71.0
STU9D3633,CRS96D2A3,64.0
STU9D4618,CRS4AFD79,44.0
STU9D52DD,CRS501E44,48.34
STU9D6561,CRS36A2D8,84.0
STU9D8857,CRS10D353,78.0
STU9D9128,CRS63A4C9,81.0
STU9D9F26,CRS30B676,45.34
STU9DAD1E,CRS5227CE,23.0
STU9DAF5A,CRS8EFEEE,73.0
STU9DE9BF,CRSBB7805,100.0
STU9DFAAD,CRS1B851A,35.0
STU9E273B,CRS31CE5D,82.05
STU9E3595,CRS79BCC1,9.39
STU9E7A23,CRSA0DDEE,42.0
STU9E8C02,CRS79BCC1,53.12
STU9E8FB7,CRS1B2A91,70.7
STU9E93B4,CRSE3C0B1,83.83
STU9E97AD,CRS1F1B36,46.63
STU9EBFA8,CRS7A2125,87.0
STU9EC5C1,CRS514C5B,79.17
STU9ED707,CRSD2ADD9,78.0
STU9EEE9F,CRSDD8532,79.0
STU9F0536,CRSE1C7E4,63.87
STU9F11ED,CRSF53779,5.93
STU9F1CE1,CRS9A990D,0.0
STU9F81A7,CRS084383,52.0
STU9F8A02,CRSE3C0B1,6.86
STU9F9C50,CRS9A990D,0.0
STU9FA268,CRS446F01,14.0
STU9FB13C,CRS600B87,44.0
STU9FB2DA,CRSE4187D,32.0
STU9FD3E2,CRS42FB5E,19.0
STU9FE005,CRS1B2A91,29.57
STU9FE005,CRS8B4602,28.65
STU9FEC90,CRS8EE952,79.79
STU9FFA33,CRSB6F765,73.12
STUA00795,CRSC227CB,54.69
STUA017FC,CRS463762,65.94
STUA02C9E,CRSD2ADD9,83.0
STUA04031,CRS084383,0.0
STUA04550,CRS36A2D8,60.0
STUA04F1E,CRS088411,64.37
STUA053CA,CRS143175,81.0
STUA067A4,CRS36A2D8,67.0
STUA07F0B,CRS779DCE,90.16
STUA08AFF,CRSF53779,79.4
STUA0A4E5,CRSDC34F7,24.0
STUA0BC0B,CRS5A5DC7,89.15
STUA0BCEF,CRSC05DF7,67.85
STUA0BEB4,CRS89B8C7,0.0
STUA0EE69,CRSC4CA25,0.0
STUA10BE6,CRS4AFD79,43.0
STUA1170F,CRS4AFD79,39.0
STUA11947,CRS501E44,88.42
STUA151A1,CRS9A990D,75.0
STUA171EB,CRS501E44,86.17
STUA17390,CRS600B87,41.0
STUA18042,CRS9A7763,90.0
STUA19A84,CRSC4CA25,71.89
STUA1AEC0,CRS36A2D8,76.0
STUA1CC67,CRSC227CB,68.54
STUA1F0B3,CRS31CE5D,85.13
STUA1F0B3,CRSF49A1E,55.0
STUA23006,CRS94D1D4,15.48
STUA24CAC,CRSB3DEC3,60.0
STUA262B8,CRSF53779,38.52
STUA26E17,CRSCB3501,84.78
STUA27B97,CRSE1C7E4,20.3
STUA27F37,CRS162E14,89.0
STUA27F37,CRSC4CA25,21.77
STUA28510,CRS79BCC1,73.85
STUA28E2F,CRS94D1D4,23.75
STUA2AE10,CRS7A2125,49.0
STUA2B596,CRSA196A8,57.81
STUA30046,CRSB6F765,0.0
STUA31CE5,CRS446F01,92.0
STUA32993,CRSCB3501,70.6
STUA32DE3,CRS8B4602,31.18
STUA33347,CRS63A4C9,68.0
STUA33AC5,CRS7D6945,8.0
STUA3446D,CRSEB447E,0.0
STUA3591D,CRSC9A6A0,0.0
STUA37DAF,CRS63A4C9,69.0
STUA38165,CRSCCEF31,100.0
STUA38511,CRS873520,73.09
STUA386E7,CRS446F01,0.0
STUA3A193,CRSEB447E,42.0
STUA3A45E,CRS0D0C93,64.87
STUA3E56E,CRS162E14,100.0
STUA402F5,CRSB3DEC3,0.0
STUA40545,CRS08D714,0.0
STUA42816,CRSB3DEC3,63.0
STUA466D5,CRS8EE952,59.62
STUA47879,CRS088411,82.13
STUA47BD8,CRSE3C0B1,1.8
STUA4944C,CRSE4187D,47.0
STUA4AFB3,CRSDF408F,62.93
STUA4B744,CRS96D2A3,32.0
STUA4C099,CRS63A4C9,100.0
STUA50F4C,CRS767056,80.0
STUA51D7E,CRSE3C0B1,9.01
STUA51E88,CRS94D1D4,0.17
STUA53784,CRSC615BF,66.7
STUA54691,CRS6F5FBE,20.0
STUA575B8,CRSCCEF31,0.0
STUA57681,CRS7D6945,87.0
STUA57681,CRSD2ADD9,54.0
STUA57F8A,CRSC6B0E8,56.28
STUA5C606,CRS514C5B,19.92
STUA5DC30,CRS9A990D,0.0
STUA6338B,CRS5A5DC7,0.0
STUA64B84,CRSD2ADD9,69.0
STUA65C2D,CRS7A2125,88.0
STUA693CA,CRS8B4602,0.0
STUA698CA,CRSBA7C05,0.0
STUA6A9F1,CRSABDECA,64.0
STUA6D15A,CRSBA7C05,54.68
STUA6DA26,CRS088411,96.25
STUA6ED7E,CRS96D2A3,45.0
STUA6FC07,CRS30B676,90.31
STUA6FC07,CRSC9A6A0,72.0
STUA6FF04,CRS767056,33.0
STUA7053C,CRS1B2A91,2.55
STUA73231,CRS64A185,46.27
STUA750EA,CRS463762,32.24
STUA756CA,CRSC05DF7,56.76
STUA78485,CRS514C5B,90.85
STUA7966C,CRSCB3501,65.57
STUA7C9B6,CRSC227CB,23.23
STUA7CAC0,CRSCB3501,83.81
STUA7DF06,CRSDD8532,73.0
STUA80235,CRS96D2A3,24.0
STUA83EC1,CRS79BCC1,48.54
STUA87FD7,CRS817AE2,74.6
STUA894A0,CRS767056,60.0
STUA8980E,CRS6F5FBE,81.0
STUA89A63,CRSDF408F,67.38
STUA8A9EF,CRSB6F765,60.56
STUA8BE1E,CRS3C6225,0.0
STUA8BE1E,CRS89B8C7,46.0
STUA8C532,CRS94D1D4,70.76
STUA90749,CRSF53779,68.34
STUA932F6,CRS817AE2,61.13
STUA9901C,CRS8EE952,48.2
STUA9974C,CRSC227CB,64.58
STUA9B134,CRS9E6805,64.0
STUA9FB3F,CRSDC34F7,0.0
STUAA0699,CRS162E14,100.0
STUAA0699,CRS4AFD79,81.0
STUAA1C7C,CRSBA7C05,67.45
STUAA2D95,CRSDF408F,52.76
STUAA4153,CRSF53779,28.17
STUAA8792,CRS0D0C93,36.52
STUAA8792,CRS42FB5E,23.0
STUAA8B64,CRS1F1B36,71.41
STUAA9AFE,CRS283DC7,15.0
STUAABAE1,CRS5A5DC7,74.15
STUAAC365,CRS1F1B36,21.48
STUAACB7E,CRSE8DD32,53.92
STUAB05ED,CRS7BD731,0.0
STUAB0722,CRS89B8C7,77.0
STUAB0722,CRS9E6805,0.0
STUAB0FEC,CRSDD8532,0.0
STUAB2608,CRSE4187D,100.0
STUAB46EA,CRS9E6805,0.0
STUAB5C16,CRS3C6225,49.0
STUAB6844,CRSE8DD32,94.73
STUAB9166,CRS675703,66.0
STUABABB0,CRSC227CB,19.92
STUABAEDA,CRS9E6805,35.0
STUABB04A,CRS501E44,91.44
STUABCFEC,CRS8EE952,34.84
STUAC091A,CRS30B676,65.28
STUAC2FF3,CRS283DC7,49.0
STUAC5D45,CRS283DC7,40.0
STUAC8D03,CRS3C6225,69.0
STUACA220,CRSE1C7E4,60.23
STUACAB7D,CRS7A2125,73.0
STUACBBF3,CRSC6B0E8,28.15
STUACCA76,CRS1B851A,62.0
STUACE8D3,CRS501E44,44.47
STUAD1BCD,CRS463762,3.71
STUAD265D,CRS8EFEEE,40.0
STUAD48A6,CRS873520,76.91
STUAD80D2,CRSE8DD32,77.75
STUADA013,CRS873520,0.0
STUADB099,CRS5808ED,15.0
STUADE2A9,CRSB6F765,9.5
STUADE737,CRS7D6945,68.0
STUADF5ED,CRS8B4602,64.91
STUAE1D5B,CRS8EFEEE,74.0
STUAE20DC,CRS675703,60.0
STUAE2292,CRS675703,65.0
STUAE2292,CRSC9A6A0,64.0
STUAE503B,CRSA0DDEE,0.0
STUAE5337,CRS514C5B,71.31
STUAE704C,CRS9A990D,44.0
STUAE7675,CRSC227CB,79.04
STUAE84D9,CRS1F1B36,63.39
STUAEBE96,CRS94D1D4,56.87
STUAEBE96,CRSEB447E,0.0
STUAED495,CRSC05DF7,95.58
STUAED495,CRSE1C7E4,85.13
STUAED9F8,CRSB3DEC3,75.0
STUAEE5C7,CRSC615BF,57.32
STUAF07F6,CRSF49A1E,50.0
STUAF24B0,CRS5227CE,0.0
STUAF416E,CRSB6F765,26.05
STUAF416E,CRSC05DF7,1.47
STUAF4ED6,CRSC615BF,94.02
STUAF665A,CRS96D2A3,87.0
STUAF8997,CRS0D0C93,19.41
STUAFB40D,CRSA0DDEE,67.0
STUAFBCEE,CRS10D353,47.0
STUAFC6B5,CRS779DCE,69.68
STUAFC6B5,CRS87F489,26.84
STUAFD4CD,CRS89B8C7,100.0
STUB00D7F,CRS463762,70.82
STUB01A43,CRS9E6805,17.0
STUB033F6,CRS0D0C93,6.03
STUB03928,CRS79BCC1,92.12
STUB0392F,CRSC4CA25,35.44
STUB08B33,CRS446F01,66.0
STUB08E49,CRS9A990D,50.0
STUB0A2FD,CRS162E14,0.0
STUB0AF19,CRSC4CA25,18.19
STUB0C02D,CRS5808ED,94.0
STUB0C180,CRS501E44,32.47
STUB0C180,CRS50643A,73.69
STUB0C743,CRSDD8532,76.0
STUB16A78,CRS89B8C7,0.0
STUB17956,CRSC9A6A0,70.0
STUB1902D,CRS9A7763,95.0
STUB1A74F,CRSC6B0E8,4.82
STUB1BCC7,CRS63A4C9,24.0
STUB1DDEB,CRS779DCE,97.16
STUB1F0D9,CRS64A185,94.1
STUB1FFA7,CRSC4CA25,97.3
STUB1FFD4,CRSB3DEC3,0.0
STUB22F3B,CRS9E6805,81.0
STUB23037,CRSB6F765,12.13
STUB2324F,CRS08D714,0.0
STUB253DD,CRS79BCC1,82.42
STUB25EA9,CRSBB7805,0.0
STUB26B35,CRS084383,30.0
STUB278A7,CRSC05DF7,14.81
STUB278A7,CRSC615BF,0.0
STUB278A7,CRSDD8532,40.0
STUB280FE,CRSC615BF,81.44
STUB2B358,CRSC6B0E8,92.17
STUB2B984,CRSD2ADD9,81.0
STUB30C03,CRS1F1B36,64.23
STUB3310E,CRS50643A,73.17
STUB331CA,CRS7A2125,31.0
STUB35276,CRSB3DEC3,56.0
STUB39ED0,CRSB6F765,0.0
STUB3D60B,CRSBA7C05,89.02
STUB3D977,CRS283DC7,74.0
STUB3DAFA,CRS675703,24.0
STUB40902,CRSDC34F7,84.0
STUB4135F,CRSE3C0B1,15.92
STUB4135F,CRSF49A1E,72.0
STUB431F6,CRSC6B0E8,44.33
STUB43FE0,CRSC4CA25,19.88
STUB45965,CRS79BCC1,68.42
STUB464F8,CRS514C5B,0.0
STUB46B2A,CRS1B851A,0.0
STUB47553,CRS50643A,70.67
STUB4A284,CRS463762,85.06
STUB4B788,CRS0D0C93,20.22
STUB4B788,CRS42FB5E,90.0
STUB4C422,CRS1B2A91,69.7
STUB4EE36,CRS64A185,2.24
STUB50B6F,CRS8EFEEE,51.0
STUB5231A,CRS600B87,26.0
STUB5231A,CRSABDECA,53.0
STUB5315F,CRS79BCC1,78.22
STUB554B6,CRS87F489,68.92
STUB57671,CRS767056,0.0
STUB5FB84,CRS088411,99.62
STUB602EB,CRS4AFD79,64.0
STUB61624,CRSA0DDEE,63.0
STUB62FF0,CRS675703,66.0
STUB6350C,CRS501E44,85.3
STUB6350C,CRSE3C0B1,76.69
STUB6485B,CRSC6B0E8,59.83
STUB69FA7,CRS9E6805,59.0
STUB6A48B,CRS7D6945,77.0
STUB6B558,CRSE3C0B1,88.82
STUB6B802,CRS1F1B36,32.0
STUB6CBDF,CRSCCEF31,50.0
STUB6D2DB,CRS5227CE,92.0
STUB6DDEE,CRSF53779,29.69
STUB70E0D,CRSF53779,35.43
STUB76C7E,CRSE8DD32,45.22
STUB79A71,CRS4AFD79,46.0
STUB79AD5,CRS42FB5E,0.0
STUB7CABE,CRS87F489,69.57
STUB83C52,CRS36A2D8,0.0
STUB84718,CRS87F489,78.92
STUB8511A,CRS088411,62.26
STUB86D74,CRS42FB5E,78.0
STUB880A4,CRS64A185,62.3
STUB880A4,CRSB3DEC3,33.0
STUB8921A,CRSBB7805,70.0
STUB8ED24,CRS64A185,35.19
STUB907AB,CRSDD8532,84.0
STUB924A1,CRSABDECA,89.0
STUB94C39,CRSE8DD32,67.94
STUB96F28,CRS088411,20.88
STUB97B02,CRS5227CE,73.0
STUB97DB7,CRS50643A,67.05
STUB9B43F,CRS767056,49.0
STUB9C86A,CRS1F1B36,34.69
STUB9E291,CRSC615BF,67.97
STUB9E2C0,CRS50643A,93.31
STUB9F2F2,CRS3C6225,0.0
STUBA04DB,CRS8EFEEE,51.0
STUBA21C8,CRS8EE952,83.36
STUBA21C8,CRSF53779,92.04
STUBA3998,CRS143175,38.0
STUBA5235,CRS10D353,36.0
STUBAA2E4,CRS08D714,66.79
STUBAA889,CRS4AFD79,14.0
STUBAA889,CRS675703,42.0
STUBAAAF2,CRS36A2D8,76.0
STUBABC4C,CRS1B851A,0.0
STUBB164F,CRSC6B0E8,69.89
STUBB1F51,CRS10D353,42.0
STUBB2950,CRSF53779,38.09
STUBB2A15,CRS7BD731,52.0
STUBB2AAB,CRSF53779,21.83
STUBB3767,CRS87F489,64.16
STUBB47DC,CRS42FB5E,49.0
STUBB6430,CRS7D6945,74.0
STUBB7508,CRS5227CE,93.0
STUBB76D6,CRS514C5B,52.08
STUBB9FCC,CRS8B4602,63.68
STUBBEFD8,CRS779DCE,76.21
STUBC0427,CRS8EE952,36.78
STUBC3B04,CRS08D714,84.54
STUBC5172,CRSD2ADD9,78.0
STUBCBB7C,CRS1B851A,70.0
STUBCBC57,CRS5227CE,83.0
STUBCC0CC,CRSC6B0E8,2.93
STUBCC1C4,CRS1B851A,67.0
STUBCE5C0,CRSC4CA25,20.62
STUBCE668,CRS514C5B,35.95
STUBCF145,CRSC615BF,62.21
STUBD1B44,CRSC615BF,30.12
STUBD1DA0,CRSE3C0B1,58.74
STUBD1F64,CRSA0DDEE,89.0
STUBD6FD1,CRS8EFEEE,57.0
STUBD7456,CRSDD8532,68.0
STUBDA6A6,CRSA0DDEE,74.0
STUBDB814,CRS4AFD79,75.0
STUBDC8A1,CRSC227CB,56.42
STUBDCF60,CRS96D2A3,59.0
STUBDD6EA,CRSE1C7E4,73.3
STUBE00C9,CRS6F5FBE,28.0
STUBE033F,CRS5227CE,42.0
STUBE089A,CRS3C6225,82.0
STUBE089A,CRS96D2A3,62.0
STUBE150C,CRSC6B0E8,45.39
STUBE192E,CRSDD8532,43.0
STUBE4F85,CRSC227CB,90.08
STUBE5C69,CRS8EFEEE,42.0
STUBE62A3,CRSB6F765,33.42
STUBE80C2,CRSC6B0E8,31.26
STUBE8AB4,CRS96D2A3,71.0
STUBE9C3F,CRS817AE2,87.35
STUBE9C3F,CRS9A7763,18.0
STUBEA241,CRS42FB5E,65.0
STUBEB840,CRSBB7805,92.0
STUBED24E,CRS600B87,68.0
STUBED24E,CRS8EFEEE,38.0
STUBEEF85,CRSE4187D,40.0
STUBEF441,CRSC227CB,54.23
STUBF0A9B,CRSDD8532,80.0
STUBF4780,CRSD2ADD9,75.0
STUBF521E,CRS08D714,99.85
STUBF6302,CRSEB447E,64.0
STUBF6F11,CRS501E44,51.03
STUBF77B5,CRS30B676,86.39
STUBF7A84,CRS36A2D8,98.0
STUBF7F81,CRS89B8C7,0.0
STUBF91BE,CRS1B2A91,36.43
STUBFBB31,CRSBB7805,87.0
STUBFBB63,CRSCB3501,47.21
STUBFCAE7,CRSDF408F,14.28
STUC00DA9,CRS30B676,74.93
STUC00F23,CRSDF408F,0.0
STUC01580,CRSABDECA,100.0
STUC04BB3,CRS8EFEEE,59.0
STUC053C3,CRSD2ADD9,44.0
STUC064CA,CRS283DC7,65.0
STUC09DDD,CRSBA7C05,32.29
STUC0B925,CRSDC34F7,26.0
STUC0E019,CRS514C5B,89.88
STUC0F632,CRS873520,28.54
STUC0F632,CRSDC34F7,58.0
STUC0FBB4,CRSABDECA,79.0
STUC10A9B,CRSF49A1E,32.0
STUC118B1,CRS501E44,50.27
STUC122A4,CRSCB3501,69.68
STUC16DF1,CRS31CE5D,1.43
STUC186FE,CRS817AE2,84.11
STUC18F7D,CRSB3DEC3,40.0
STUC1A752,CRSA0DDEE,49.0
STUC1C527,CRSF53779,0.0
STUC22F29,CRS42FB5E,66.0
STUC22F37,CRS5A5DC7,81.23
STUC23B38,CRSEB447E,66.0
STUC24E4B,CRS5A5DC7,67.46
STUC24F59,CRSE4187D,21.0
STUC292CF,CRS94D1D4,86.33
STUC2AE73,CRS30B676,46.34
STUC2D751,CRS63A4C9,65.0
STUC2EE09,CRS767056,66.0
STUC336E5,CRS6F5FBE,100.0
STUC338FA,CRS08D714,85.66
STUC34DE0,CRSC615BF,58.85
STUC3629F,CRS767056,89.0
STUC392DB,CRSEB447E,75.0
STUC3B859,CRS89B8C7,36.0
STUC3D131,CRSBA7C05,0.0
STUC3D795,CRS767056,74.0
STUC3F55D,CRS143175,96.0
STUC428D9,CRSCCEF31,100.0
STUC43D30,CRS31CE5D,58.9
STUC43F50,CRSBA7C05,92.65
STUC44341,CRSC9A6A0,73.0
STUC454E8,CRS084383,32.0
STUC454E8,CRS42FB5E,0.0
STUC46E7E,CRS084383,29.0
STUC4775E,CRS514C5B,83.92
STUC4851C,CRSABDECA,0.0
STUC4C298,CRS36A2D8,43.0
STUC4DF31,CRS7BD731,88.0
STUC4DF68,CRS600B87,94.0
STUC4ED99,CRSC615BF,63.95
STUC513C1,CRSF49A1E,30.0
STUC521B7,CRS283DC7,0.0
STUC54D0E,CRS08D714,88.01
STUC5888F,CRSA0DDEE,24.0
STUC59E30,CRS50643A,52.21
STUC5A4BB,CRSABDECA,62.0
STUC5BA4B,CRSC4CA25,15.0
STUC5BC80,CRS1F1B36,70.18
STUC5D2DE,CRS9A7763,0.0
STUC60C8E,CRS463762,41.17
STUC632BE,CRS08D714,20.07
STUC63A51,CRSA0DDEE,79.0
STUC65F0B,CRS5227CE,52.0
STUC67099,CRS36A2D8,68.0
STUC6A6D6,CRS1B851A,59.0
STUC6BFC4,CRS6F5FBE,69.0
STUC6BFD7,CRS36A2D8,79.0
STUC6C620,CRS1F1B36,83.77
STUC6D73D,CRS9E6805,64.0
STUC725BE,CRS08D714,0.0
STUC7351D,CRS0D0C93,81.9
STUC74557,CRS817AE2,79.7
STUC75E11,CRS084383,70.0
STUC76BC6,CRSC4CA25,90.61
STUC7E189,CRSABDECA,69.0
STUC7F4FE,CRS63A4C9,85.0
STUC7FED3,CRSA0DDEE,51.0
STUC86A41,CRSE1C7E4,73.18
STUC8B13B,CRSF49A1E,48.0
STUC8FA5B,CRS6F5FBE,58.0
STUC912B5,CRS08D714,42.91
STUC92773,CRS143175,43.0
STUC945D7,CRSB6F765,78.22
STUC977A1,CRS7BD731,47.0
STUC9F0B3,CRSCCEF31,36.0
STUC9FEEE,CRSC6B0E8,21.13
STUCA386C,CRS143175,72.0
STUCA4BC3,CRS779DCE,42.12
STUCA5C8B,CRSE1C7E4,24.37
STUCA6419,CRS5808ED,77.0
STUCA6EFD,CRSB6F765,68.56
STUCA739C,CRS87F489,80.94
STUCA79C1,CRS600B87,68.0
STUCA7E16,CRSA0DDEE,89.0
STUCA9D90,CRS96D2A3,15.0
STUCABBF1,CRSF53779,20.26
STUCAC6B6,CRS31CE5D,30.41
STUCAC925,CRSE1C7E4,34.13
STUCAD5E2,CRS08D714,51.79
STUCB3460,CRSC227CB,78.12
STUCB4F90,CRS9A7763,0.0
STUCB631B,CRS675703,73.0
STUCBA72C,CRSA0DDEE,77.0
STUCBB35B,CRSB6F765,61.94
STUCBEA9E,CRS7A2125,78.0
STUCBECFE,CRS87F489,14.69
STUCBEF0A,CRS9A7763,44.0
STUCC0064,CRSB3DEC3,79.0
STUCC0064,CRSDD8532,20.0
STUCC11E5,CRS63A4C9,50.0
STUCC446A,CRSC615BF,59.51
STUCC5A2A,CRS446F01,57.0
STUCC767F,CRSABDECA,100.0
STUCC7B6E,CRS64A185,25.91
STUCC7B6E,CRSC227CB,47.38
STUCCAE10,CRSC05DF7,70.34
STUCCC897,CRSE3C0B1,82.57
STUCCE286,CRS4AFD79,76.0
STUCCEA82,CRSE3C0B1,62.78
STUCCF0E6,CRSCCEF31,96.0
STUCCFB8E,CRS3C6225,80.0
STUCCFB8E,CRSA196A8,48.74
STUCD0C28,CRS87F489,85.95
STUCD1F3C,CRS08D714,59.88
STUCD1F3C,CRS79BCC1,81.54
STUCD1F3C,CRS87F489,69.87
STUCD26D7,CRS767056,68.0
STUCD427D,CRSC615BF,38.69
STUCD5761,CRS8EE952,48.15
STUCD6FA6,CRS463762,74.88
STUCDF1E2,CRS084383,80.0
STUCDF1E2,CRSC227CB,61.46
STUCDF44D,CRS1B2A91,31.98
STUCE07DD,CRS283DC7,31.0
STUCE09A5,CRS817AE2,40.18
STUCE3154,CRS8EFEEE,0.0
STUCE343B,CRS675703,67.0
STUCE3C88,CRSC615BF,59.04
STUCE6EBA,CRSDF408F,92.14
STUCE78B4,CRS9A7763,91.0
STUCEB26F,CRSB3DEC3,44.0
STUCEC317,CRS3C6225,29.0
STUCEC376,CRS9A990D,58.0
STUCF04E4,CRS1F1B36,80.04
STUCF04E4,CRSDC34F7,77.0
STUCF0A49,CRS817AE2,82.35
STUCF2C3E,CRSE3C0B1,21.16
STUCFA497,CRSE3C0B1,28.52
STUCFC06E,CRS463762,51.12
STUCFD763,CRS283DC7,25.0
STUCFEA43,CRS514C5B,1.09
STUCFEC53,CRS79BCC1,83.56
STUD01354,CRSB3DEC3,100.0
STUD0235D,CRS873520,80.36
STUD03D8E,CRS817AE2,35.64
STUD03D8E,CRSA0DDEE,44.0
STUD07FCC,CRS08D714,0.0
STUD084AE,CRS162E14,70.0
STUD084AE,CRSEB447E,94.0
STUD08877,CRSA0DDEE,37.0
STUD08F7A,CRS873520,38.46
STUD098C1,CRSE3C0B1,47.55
STUD0D339,CRS4AFD79,85.0
STUD0D7BD,CRS817AE2,52.47
STUD0E749,CRSB6F765,23.87
STUD0FDB6,CRS7D6945,90.0
STUD1137C,CRS5A5DC7,46.08
STUD13DCE,CRS8EFEEE,56.0
STUD14CCD,CRS9A990D,94.0
STUD15F88,CRS088411,88.87
STUD173BB,CRS514C5B,73.85
STUD176FA,CRSE8DD32,0.0
STUD185CD,CRS30B676,0.0
STUD18913,CRS817AE2,45.0
STUD18E60,CRS63A4C9,88.0
STUD1930F,CRSC05DF7,50.18
STUD19BFF,CRS08D714,65.19
STUD1FBB0,CRS79BCC1,0.0
STUD1FF62,CRS873520,39.9
STUD225C8,CRS3C6225,87.0
STUD248FF,CRS64A185,31.34
STUD2879C,CRS463762,34.53
STUD29715,CRSBB7805,68.0
STUD29EFF,CRS31CE5D,77.55
STUD2B00F,CRSA0DDEE,0.0
STUD2BB41,CRS779DCE,77.96
STUD2C9CD,CRS7BD731,0.0
STUD2DA35,CRSA196A8,38.56
STUD30882,CRS89B8C7,0.0
STUD30AC4,CRS8B4602,77.28
STUD31DC6,CRS4AFD79,60.0
STUD3216F,CRS1B2A91,0.0
STUD3294C,CRSCCEF31,15.0
STUD336E0,CRS8EE952,93.3
STUD350C3,CRSDF408F,42.79
STUD3551A,CRS89B8C7,0.0
STUD37351,CRS143175,76.0
STUD37A0B,CRSB6F765,13.21
STUD3FA9E,CRS675703,63.0
STUD405A8,CRS42FB5E,0.0
STUD405A8,CRSE1C7E4,82.33
STUD43D04,CRS9A7763,62.0
STUD46740,CRS5227CE,0.0
STUD48C97,CRS10D353,71.0
STUD49CA6,CRS42FB5E,87.0
STUD4AD82,CRS96D2A3,0.0
STUD4AF02,CRS7D6945,51.0
STUD4B1D2,CRS767056,23.0
STUD4D33C,CRS779DCE,78.73
STUD52A63,CRS8EE952,42.4
STUD53965,CRS89B8C7,0.0
STUD54513,CRSABDECA,11.0
STUD549F2,CRS084383,55.0
STUD553C7,CRS6F5FBE,58.0
STUD55C53,CRS3C6225,0.0
STUD56D06,CRS9A7763,0.0
STUD577C8,CRSC4CA25,0.0
STUD5A7D1,CRS36A2D8,100.0
STUD5A86F,CRS501E44,73.34
STUD5AE9C,CRS87F489,0.0
STUD5B3CF,CRS143175,2.0
STUD5B561,CRS8EFEEE,45.0
STUD5B561,CRSBB7805,55.0
STUD5C1F1,CRS143175,34.0
STUD5DE4B,CRS5A5DC7,87.61
STUD5DE4B,CRS817AE2,62.41
STUD5E477,CRS9A990D,83.0
STUD5F21F,CRSABDECA,84.0
STUD5FA1C,CRS08D714,36.02
STUD64F5A,CRS3C6225,60.0
STUD64F5A,CRS463762,80.59
STUD65275,CRSC6B0E8,5.02
STUD66B25,CRSA196A8,67.35
STUD68204,CRS1B2A91,9.82
STUD6A7E0,CRS1B2A91,54.69
STUD6CB25,CRS9A990D,48.0
STUD6D11B,CRSBA7C05,39.27
STUD6D720,CRSA196A8,42.61
STUD6DE83,CRS8EE952,63.03
STUD6ED3C,CRSC615BF,91.72
STUD713AB,CRS9A7763,91.0
STUD725BC,CRSE8DD32,81.3
STUD73E01,CRSC4CA25,61.07
STUD747DD,CRS36A2D8,49.0
STUD74F8C,CRS42FB5E,0.0
STUD7541F,CRS9E6805,84.0
STUD75CC8,CRS96D2A3,51.0
STUD76EB4,CRS084383,74.0
STUD77577,CRS10D353,87.0
STUD7B5A7,CRS162E14,41.0
STUD7E158,CRSD2ADD9,0.0
STUD82445,CRS7A2125,0.0
STUD846E1,CRS7D6945,18.0
STUD84B2B,CRSC615BF,80.42
STUD85329,CRSC6B0E8,53.26
STUD87B64,CRS7D6945,100.0
STUD8CA4E,CRSE8DD32,40.21
STUD8D545,CRSB6F765,81.45
STUD8DF8D,CRSC9A6A0,0.0
STUD8FA1E,CRS1B2A91,82.58
STUD8FA1E,CRSF53779,17.44
STUD906F2,CRS30B676,51.15
STUD91B1B,CRS675703,90.0
STUD931D5,CRS873520,0.0
STUD94CFA,CRSF53779,75.44
STUD964F5,CRS10D353,74.0
STUD96AE2,CRSC6B0E8,0.0
STUD9937E,CRS873520,88.55
STUD9D5C5,CRS767056,71.0
STUD9D5C5,CRS8EE952,83.18
STUD9EB61,CRS7D6945,52.0
STUDA01A7,CRSA196A8,53.97
STUDA0D08,CRSBA7C05,79.58
STUDA2302,CRSE4187D,17.0
STUDA3A4A,CRS1F1B36,77.53
STUDA47C8,CRS5808ED,93.0
STUDA555C,CRS10D353,63.0
STUDAA302,CRS446F01,71.0
STUDAA569,CRSC4CA25,33.14
STUDABFA2,CRS89B8C7,68.0
STUDAD5FB,CRSB3DEC3,0.0
STUDAE326,CRS7A2125,96.0
STUDAE47D,CRS143175,47.0
STUDAE744,CRSBA7C05,98.34
STUDB24CD,CRS6F5FBE,40.0
STUDB32EE,CRSE1C7E4,65.1
STUDB5FE0,CRS31CE5D,52.17
STUDB5FE0,CRS873520,8.18
STUDB82A3,CRS30B676,100.0
STUDB9AFA,CRS463762,62.47
STUDBABC7,CRS87F489,60.95
STUDBE29E,CRS89B8C7,45.0
STUDBEC0C,CRS7A2125,67.0
STUDBEC0C,CRS87F489,54.56
STUDBEF6A,CRS7A2125,0.0
STUDC19C3,CRS088411,34.13
STUDC3257,CRSC9A6A0,78.0
STUDC5A65,CRSD2ADD9,0.0
STUDC93E4,CRS817AE2,44.28
STUDCC364,CRS600B87,21.0
STUDCC4DE,CRS8B4602,50.82
STUDCCD7C,CRS0D0C93,85.83
STUDCF19E,CRSC05DF7,76.33
STUDCFA3C,CRS779DCE,85.68
STUDD03FB,CRS873520,92.46
STUDD3982,CRS143175,60.0
STUDD6221,CRSEB447E,82.0
STUDD9EB1,CRS08D714,79.0
STUDDB2F3,CRSE8DD32,69.69
STUDDC1F1,CRS162E14,93.0
STUDDD660,CRS1B2A91,35.67
STUDDD660,CRSDF408F,67.08
STUDDD95F,CRSE8DD32,20.73
STUDDE60F,CRS4AFD79,31.0
STUDDFBBA,CRSDF408F,33.12
STUDE1739,CRSDC34F7,56.0
STUDE469A,CRSABDECA,84.0
STUDE56F1,CRS5808ED,95.0
STUDE833F,CRS36A2D8,84.0
STUDE94E4,CRS1F1B36,36.91
STUDE94E4,CRS501E44,32.86
STUDEB96C,CRS675703,90.0
STUDED585,CRS6F5FBE,28.0
STUDEF9FB,CRS42FB5E,73.0
STUDEF9FB,CRS8EE952,73.04
STUDF005C,CRS8EFEEE,50.0
STUDF21C5,CRS64A185,23.9
STUDF36C1,CRS162E14,55.0
STUDF3B83,CRS1B2A91,51.94
STUDF7E2E,CRSC9A6A0,38.0
STUDFAD6E,CRS5808ED,20.0
STUDFAE2C,CRS87F489,95.06
STUDFB8B9,CRSE4187D,100.0
STUDFF1C6,CRS5A5DC7,34.77
STUDFF1C6,CRS9E6805,65.0
STUE001F5,CRS8EFEEE,48.0
STUE00A0E,CRSC615BF,32.48
STUE027F8,CRS7BD731,71.0
STUE06CC0,CRS9E6805,18.0
STUE075DE,CRS162E14,48.0
STUE07F38,CRS9E6805,98.0
STUE08138,CRS63A4C9,93.0
STUE0A2D3,CRS5A5DC7,67.0
STUE0B3B9,CRSB3DEC3,65.0
STUE0D934,CRS30B676,30.53
STUE0F841,CRSBA7C05,19.87
STUE0F841,CRSC05DF7,38.46
STUE0FF0A,CRS4AFD79,19.0
STUE117ED,CRS30B676,75.49
STUE17255,CRS088411,88.62
STUE182B1,CRS10D353,73.0
STUE18718,CRSF53779,63.78
STUE18803,CRSF49A1E,100.0
STUE1B9D3,CRSDF408F,80.12
STUE1BDFC,CRS600B87,77.0
STUE1D5E0,CRS31CE5D,48.02
STUE1E46F,CRS283DC7,28.0
STUE21500,CRS0D0C93,71.1
STUE2419C,CRSDF408F,34.87
STUE24F03,CRSDC34F7,38.0
STUE256DE,CRSA196A8,35.83
STUE259B6,CRSC4CA25,4.38
STUE26151,CRS4AFD79,100.0
STUE273D8,CRSDC34F7,31.0
STUE277B6,CRS94D1D4,87.1
STUE277B6,CRSDF408F,91.17
STUE2A5F5,CRS084383,69.0
STUE2A636,CRS446F01,84.0
STUE2A886,CRS600B87,13.0
STUE2A9A8,CRS6F5FBE,0.0
STUE2B4F6,CRS94D1D4,83.17
STUE2C149,CRS9A990D,21.0
STUE30104,CRS9A990D,82.0
STUE334CD,CRSC05DF7,49.92
STUE34B90,CRS463762,87.06
STUE36127,CRS94D1D4,46.0
STUE398DD,CRS08D714,39.83
STUE3CF5E,CRS31CE5D,14.32
STUE3CF62,CRSABDECA,70.0
STUE3D4A9,CRS600B87,21.0
STUE3EFB8,CRS1B851A,31.0
STUE3EFE8,CRSC05DF7,31.26
STUE40A08,CRSB6F765,78.39
STUE42F50,CRS501E44,70.27
STUE4555C,CRSF53779,11.79
STUE47CDA,CRSBB7805,86.0
STUE497B2,CRSC05DF7,58.45
STUE4ACB0,CRSCB3501,58.14
STUE4BBA2,CRSC05DF7,77.76
STUE5079C,CRS7D6945,69.0
STUE50EC8,CRS8EE952,0.0
STUE50EC8,CRSC05DF7,41.7
STUE53C50,CRSE8DD32,0.0
STUE53CAA,CRS36A2D8,82.0
STUE553AF,CRS6F5FBE,67.0
STUE58725,CRSDD8532,68.0
STUE59BD8,CRS7A2125,0.0
STUE5B20B,CRS4AFD79,33.0
STUE5BD31,CRS446F01,0.0
STUE5D53A,CRS4AFD79,71.0
STUE5D53A,CRSEB447E,59.0
STUE5F5E4,CRSA196A8,82.05
STUE5F5E4,CRSD2ADD9,62.0
STUE61360,CRSF53779,74.0
STUE63A67,CRS1B2A91,38.36
STUE64E06,CRSF49A1E,26.0
STUE69338,CRS8EFEEE,96.0
STUE6A3B3,CRS79BCC1,0.0
STUE6DEC3,CRS143175,58.0
STUE6E4CD,CRS514C5B,71.02
STUE6E73D,CRS30B676,10.44
STUE70D4B,CRS3C6225,0.0
STUE70D4B,CRSE1C7E4,54.13
STUE71FFC,CRS87F489,21.71
STUE71FFC,CRS94D1D4,1.85
STUE72845,CRS64A185,80.78
STUE741F0,CRSB3DEC3,59.0
STUE75271,CRS3C6225,77.0
STUE75A09,CRSA196A8,0.0
STUE777F5,CRS675703,55.0
STUE79522,CRS8EE952,67.92
STUE7BDD8,CRSBA7C05,71.92
STUE7D513,CRS1F1B36,82.91
STUE7E03E,CRS514C5B,57.97
STUE7E5ED,CRS0D0C93,65.13
STUE7EB10,CRS283DC7,64.0
STUE80CF1,CRS9A7763,41.0
STUE81F9E,CRS9E6805,75.0
STUE84584,CRS87F489,0.0
STUE84615,CRSC4CA25,18.2
STUE84E82,CRSC05DF7,78.23
STUE883E1,CRSF49A1E,100.0
STUE8847E,CRS79BCC1,76.29
STUE88C9A,CRS10D353,33.0
STUE894E0,CRSDF408F,83.3
STUE8AC7E,CRS31CE5D,27.99
STUE8BB01,CRS9A7763,57.0
STUE8E4D0,CRS3C6225,94.0
STUE8FA28,CRSCCEF31,66.0
STUE90219,CRSDD8532,15.0
STUE93BA3,CRS283DC7,0.0
STUE93CAF,CRS89B8C7,30.0
STUE94CEC,CRS9A7763,95.0
STUE97E82,CRS9A7763,79.0
STUE984C6,CRS87F489,69.42
STUE98B28,CRSBB7805,13.0
STUE9A399,CRS9A990D,0.0
STUE9CA43,CRSC6B0E8,89.89
STUE9CA6F,CRS94D1D4,80.67
STUEA19C0,CRS89B8C7,93.0
STUEA2B3B,CRS1F1B36,14.61
STUEA3120,CRSD2ADD9,58.0
STUEA5AC1,CRS7A2125,0.0
STUEA62CA,CRS31CE5D,69.28
STUEA62CA,CRSC227CB,0.0
STUEA62CA,CRSF53779,0.0
STUEA6996,CRS514C5B,35.05
STUEA7A23,CRSB3DEC3,25.0
STUEA8486,CRS30B676,66.2
STUEAD4B7,CRSE8DD32,64.56
STUEB026B,CRS8B4602,86.73
STUEB163F,CRSD2ADD9,52.0
STUEB2397,CRS084383,84.0
STUEB449A,CRS767056,43.0
STUEB60E5,CRS084383,66.0
STUEB61B8,CRS42FB5E,85.0
STUEB64B7,CRS162E14,60.0
STUEB98CE,CRS6F5FBE,61.0
STUEBC3A5,CRS6F5FBE,93.0
STUEBCC00,CRS79BCC1,36.75
STUEBE427,CRS779DCE,65.42
STUEBF0FD,CRSA0DDEE,55.0
STUEBF81F,CRSC227CB,91.08
STUEC24DB,CRS084383,40.0
STUEC29DA,CRS084383,0.0
STUEC7F8C,CRS7D6945,70.0
STUECA4E1,CRS96D2A3,98.0
STUECB6DF,CRSE4187D,0.0
STUECE1BF,CRSA0DDEE,100.0
STUED3143,CRS817AE2,62.18
STUED34B2,CRSE4187D,35.0
STUED3688,CRSE1C7E4,65.6
STUED3F1B,CRS64A185,68.42
STUED4B8A,CRS088411,44.75
STUED4B8A,CRS08D714,47.36
STUED577D,CRS7BD731,45.0
STUED5852,CRSDD8532,72.0
STUED7D84,CRS9E6805,71.0
STUED7FEA,CRSF53779,70.17
STUED817E,CRS89B8C7,98.0
STUED82BB,CRSD2ADD9,88.0
STUED82CB,CRS084383,53.0
STUED8780,CRS162E14,38.0
STUED8780,CRSCB3501,62.65
STUED93F3,CRS50643A,81.54
STUEDA224,CRS30B676,75.76
STUEDA433,CRS514C5B,68.05
STUEDA6CC,CRSC6B0E8,34.7
STUEDAE13,CRS7BD731,40.0
STUEDB277,CRS6F5FBE,62.0
STUEDB3C2,CRS9A990D,27.0
STUEDD53F,CRS143175,0.0
STUEDD961,CRSDD8532,100.0
STUEE0040,CRS779DCE,53.3
STUEE28F3,CRSCB3501,25.17
STUEE6385,CRS10D353,0.0
STUEE913B,CRS1F1B36,45.52
STUEEDCA7,CRSE4187D,55.0
STUEF3987,CRS873520,55.45
STUEF5A04,CRS084383,41.0
STUEF6B4B,CRS42FB5E,32.0
STUEF891D,CRS5A5DC7,41.84
STUEFB532,CRSBB7805,77.0
STUEFB532,CRSCB3501,94.05
STUEFCFC2,CRS64A185,2.83
STUEFD47B,CRS873520,0.0
STUEFDB13,CRS31CE5D,68.43
STUEFDC42,CRS514C5B,39.25
STUEFDC42,CRSC9A6A0,6.0
STUEFE33E,CRS63A4C9,0.0
STUEFF65A,CRS79BCC1,80.12
STUF0087D,CRSC615BF,70.81
STUF01963,CRS63A4C9,96.0
STUF03677,CRS767056,72.0
STUF0410F,CRS6F5FBE,40.0
STUF0410F,CRSC05DF7,57.77
STUF074F4,CRSC6B0E8,0.0
STUF0A6D5,CRS0D0C93,66.13
STUF0B275,CRS94D1D4,11.71
STUF0C425,CRS7D6945,83.0
STUF0C530,CRS31CE5D,58.75
STUF0D635,CRS64A185,85.48
STUF0FC1E,CRS283DC7,79.0
STUF0FC1E,CRS4AFD79,66.0
STUF11959,CRS89B8C7,67.0
STUF14478,CRSDC34F7,79.0
STUF1BB8A,CRS64A185,52.45
STUF1E6B8,CRS31CE5D,75.51
STUF1E6B8,CRSDD8532,29.0
STUF21C28,CRS42FB5E,0.0
STUF2324B,CRS9E6805,28.0
STUF233C3,CRS08D714,67.63
STUF233C3,CRS50643A,14.08
STUF23A04,CRS446F01,0.0
STUF23B26,CRSDC34F7,50.0
STUF23C1F,CRS8B4602,54.73
STUF2800B,CRS96D2A3,96.0
STUF2817F,CRS7A2125,66.0
STUF2A51E,CRSC05DF7,40.83
STUF2C834,CRSB6F765,53.48
STUF2C834,CRSF53779,65.22
STUF2D76B,CRSE1C7E4,48.23
STUF2E2BA,CRSDC34F7,0.0
STUF2FA33,CRS463762,82.06
STUF30804,CRSC6B0E8,0.0
STUF3157E,CRS5A5DC7,70.23
STUF323D1,CRS96D2A3,39.0
STUF33D33,CRS31CE5D,78.55
STUF35660,CRSB6F765,0.0
STUF37987,CRS463762,96.0
STUF37FCB,CRS4AFD79,67.0
STUF38672,CRS63A4C9,31.0
STUF3A1FC,CRS79BCC1,29.25
STUF3A61F,CRSE1C7E4,91.87
STUF3AA8B,CRS79BCC1,5.56
STUF3BB17,CRS10D353,61.0
STUF3DDA7,CRSC9A6A0,100.0
STUF3F107,CRS283DC7,92.0
STUF400B1,CRS501E44,69.13
STUF4171F,CRS64A185,98.73
STUF4171F,CRS7D6945,71.0
STUF4216D,CRS162E14,51.0
STUF42DCD,CRS817AE2,38.18
STUF42DCD,CRS873520,53.36
STUF42DCD,CRSDD8532,0.0
STUF43032,CRS50643A,4.32
STUF43E3F,CRS779DCE,44.26
STUF441D9,CRS10D353,63.0
STUF49F13,CRSB3DEC3,0.0
STUF4B701,CRS446F01,43.0
STUF4B701,CRSCCEF31,18.0
STUF53CB3,CRSDF408F,68.03
STUF5784F,CRSBB7805,100.0
STUF57AC9,CRSC227CB,37.0
STUF58AA5,CRSDC34F7,0.0
STUF58D5C,CRS4AFD79,79.0
STUF58E73,CRS7A2125,76.0
STUF58E73,CRSE3C0B1,82.59
STUF59A40,CRSD2ADD9,0.0
STUF5AC43,CRS501E44,72.19
STUF5B2ED,CRS675703,28.0
STUF5B2ED,CRSE3C0B1,60.56
STUF5CA21,CRSEB447E,0.0
STUF5DB3A,CRSA196A8,48.52
STUF5DCB7,CRSDD8532,92.0
STUF5F28C,CRS10D353,93.0
STUF5FA3E,CRS162E14,69.0
STUF5FAD3,CRSCB3501,76.57
STUF61249,CRS1B851A,68.0
STUF6224C,CRSE8DD32,77.14
STUF628F5,CRS1B2A91,78.71
STUF628F5,CRS600B87,79.0
STUF62FE9,CRS31CE5D,64.55
STUF66B88,CRS3C6225,47.0
STUF67FDB,CRS817AE2,45.19
STUF6A3B9,CRS675703,0.0
STUF6A728,CRS283DC7,57.0
STUF6A728,CRS5227CE,70.0
STUF6B2CC,CRS10D353,80.0
STUF6B2CC,CRSDC34F7,52.0
STUF6C023,CRSC05DF7,0.0
STUF6D242,CRS10D353,16.0
STUF6E132,CRS162E14,99.0
STUF6FC8B,CRS283DC7,100.0
STUF72428,CRS1B851A,48.0
STUF741CE,CRS96D2A3,56.0
STUF7795E,CRS1B851A,78.0
STUF78217,CRS31CE5D,86.13
STUF7A1E2,CRS9A7763,24.0
STUF7A89A,CRSE4187D,0.0
STUF7C71F,CRSEB447E,99.0
STUF7D263,CRS64A185,88.9
STUF7D65E,CRS088411,69.63
STUF7D9A0,CRSC615BF,0.98
STUF7E44B,CRS143175,60.0
STUF81525,CRSBA7C05,0.0
STUF8222E,CRS767056,39.0
STUF82894,CRSC6B0E8,59.61
STUF8401D,CRSC615BF,97.6
STUF86072,CRSDC34F7,59.0
STUF869C7,CRS7A2125,0.0
STUF87EF5,CRSC6B0E8,64.74
STUF88E57,CRS779DCE,0.0
STUF89C6E,CRSC227CB,65.12
STUF8C315,CRS96D2A3,85.0
STUF8C6FC,CRSC227CB,50.31
STUF8E0DA,CRS501E44,62.12
STUF91319,CRS0D0C93,41.32
STUF919A3,CRS50643A,70.33
STUF93C59,CRS779DCE,67.52
STUF95758,CRSA196A8,74.54
STUF96557,CRS63A4C9,6.0
STUF96557,CRS64A185,85.33
STUF97353,CRS30B676,95.95
STUF97D6A,CRS7A2125,22.0
STUF9997D,CRS446F01,39.0
STUF9C1CB,CRS0D0C93,32.32
STUF9C581,CRS1B2A91,84.97
STUF9E547,CRS63A4C9,91.0
STUF9E8A7,CRSA196A8,67.94
STUF9EBAB,CRS9E6805,46.0
STUF9EBAB,CRSF49A1E,52.0
STUFA0769,CRS446F01,0.0
STUFA1A8C,CRS143175,95.0
STUFA1EF8,CRS96D2A3,73.0
STUFA41A8,CRSE3C0B1,28.58
STUFACFF6,CRS42FB5E,22.0
STUFAD12B,CRSD2ADD9,7.0
STUFAE3CA,CRSBA7C05,19.75
STUFAE9D9,CRS5227CE,88.0
STUFAEDAD,CRS10D353,66.0
STUFAF44E,CRS96D2A3,0.0
STUFB2154,CRSBA7C05,48.93
STUFB49C7,CRSB6F765,56.57
STUFBCE73,CRS08D714,98.29
STUFBE3CA,CRS162E14,68.0
STUFBE984,CRS873520,29.82
STUFBF300,CRSEB447E,17.0
STUFBFAE2,CRSE1C7E4,29.15
STUFC4312,CRSC227CB,68.61
STUFC51CA,CRS4AFD79,63.0
STUFC56BF,CRS96D2A3,37.0
STUFC8850,CRS1F1B36,7.72
STUFC9154,CRSC6B0E8,63.2
STUFCB5EC,CRS283DC7,84.0
STUFCFCDB,CRSE1C7E4,0.0
STUFCFDA3,CRS143175,42.0
STUFD0FC3,CRS94D1D4,40.85
STUFD2A7E,CRSE4187D,0.0
STUFD6029,CRSC227CB,66.58
STUFD654F,CRS767056,55.0
STUFD7037,CRSBA7C05,59.79
STUFDAF27,CRSC9A6A0,0.0
STUFDCA79,CRSC9A6A0,12.0
STUFDCFF0,CRS8EE952,37.81
STUFE0D73,CRS8B4602,0.0
STUFE3C5D,CRSF53779,79.6
STUFE4E57,CRS1B2A91,0.0
STUFE514D,CRSC05DF7,3.23
STUFE8D11,CRS7BD731,63.0
STUFE8D11,CRS817AE2,33.18
STUFEC5D3,CRSE8DD32,30.1
STUFECD50,CRS1B851A,87.0
STUFEE5CC,CRSDC34F7,73.0
STUFEEEF0,CRS817AE2,0.0
STUFF0166,CRS7D6945,80.0
STUFF15F8,CRSC6B0E8,76.28
STUFF1BED,CRS446F01,21.0
STUFF33CE,CRS514C5B,59.96
STUFF6F48,CRS36A2D8,67.0
STUFF817F,CRSD2ADD9,94.0
STUFFAAB5,CRSDF408F,70.63
STUFFACFF,CRSE3C0B1,1.21
STUFFDB9D,CRS94D1D4,6.23
STUFFE655,CRS7A2125,61.0
STUFFF26A,CRS9A7763,81.0
STUFFF768,CRS6F5FBE,32.0
STUFFF768,CRS94D1D4,57.04
